timestamp,iter,loss,vis_M,pts_M,vis_pct,blk,alloc_gb,rsv_gb,it_s,elapsed
"0323,13:19",10,0.2568,0.02,0.05,35.7,1,0.15,0.56,53.7,
"0323,13:19",20,0.4014,0.01,0.05,11.1,1,0.15,0.65,74.2,
"0323,13:19",30,0.2263,0.02,0.05,43.0,1,0.16,0.85,83.5,
"0323,13:19",40,0.3115,0.02,0.05,42.9,1,0.16,0.85,89.7,
"0323,13:19",50,0.2126,0.02,0.05,44.0,1,0.16,0.85,93.3,
"0323,13:19",60,0.2868,0.03,0.05,55.7,1,0.16,0.85,93.3,
"0323,13:19",70,0.256,0.0,0.05,7.9,1,0.15,0.85,95.4,
"0323,13:19",80,0.335,0.02,0.05,42.7,1,0.16,0.85,97.8,
"0323,13:19",90,0.2756,0.03,0.05,50.0,1,0.16,0.96,99.2,
"0323,13:19",100,0.3296,0.02,0.05,30.0,1,0.15,0.96,100.7,
"0323,13:19",110,0.212,0.03,0.05,51.5,1,0.16,0.96,101.7,
"0323,13:19",120,0.2341,0.03,0.05,48.4,1,0.16,0.96,102.4,
"0323,13:19",130,0.2925,0.03,0.05,55.6,1,0.16,0.96,103.2,
"0323,13:19",140,0.2247,0.02,0.05,40.3,1,0.15,0.96,103.9,
"0323,13:19",150,0.2162,0.02,0.05,32.7,1,0.15,0.96,104.5,
"0323,13:19",160,0.2373,0.02,0.05,40.4,1,0.16,0.96,104.9,
"0323,13:19",170,0.189,0.03,0.05,47.7,1,0.16,1.06,104.5,
"0323,13:19",180,0.298,0.03,0.05,48.4,1,0.16,1.06,104.9,
"0323,13:19",190,0.263,0.02,0.05,37.2,1,0.15,1.06,104.8,
"0323,13:19",200,0.2617,0.02,0.05,39.3,1,0.16,0.43,104.2,
"0323,13:19",210,0.2278,0.03,0.05,51.6,1,0.16,0.73,104.5,
"0323,13:19",220,0.196,0.02,0.05,31.7,1,0.15,0.73,104.9,
"0323,13:19",230,0.2315,0.02,0.05,40.3,1,0.15,0.73,105.2,
"0323,13:19",240,0.2494,0.03,0.05,50.1,1,0.16,0.73,105.5,
"0323,13:19",250,0.1769,0.02,0.05,35.5,1,0.15,0.84,105.7,
"0323,13:19",260,0.1988,0.02,0.05,40.4,1,0.15,0.84,106.0,
"0323,13:19",270,0.2281,0.03,0.05,52.2,1,0.16,0.84,105.9,
"0323,13:19",280,0.2325,0.03,0.05,46.1,1,0.16,0.84,105.5,
"0323,13:19",290,0.2055,0.02,0.05,38.5,1,0.15,0.84,105.8,
"0323,13:19",300,0.1975,0.03,0.05,54.4,1,0.16,0.84,105.8,
"0323,13:19",310,0.1859,0.03,0.05,55.4,1,0.16,0.84,106.0,
"0323,13:19",320,0.2635,0.01,0.05,19.4,1,0.15,0.84,106.3,
"0323,13:19",330,0.2485,0.03,0.05,47.2,1,0.16,0.84,106.6,
"0323,13:19",340,0.2329,0.03,0.05,48.3,1,0.16,0.84,106.7,
"0323,13:19",350,0.1777,0.03,0.05,46.6,1,0.16,0.84,106.9,
"0323,13:19",360,0.1926,0.03,0.05,51.9,1,0.16,0.84,107.0,
"0323,13:19",370,0.2016,0.03,0.05,52.9,1,0.16,0.84,106.9,
"0323,13:19",380,0.2386,0.01,0.05,18.6,1,0.15,0.84,106.8,
"0323,13:19",390,0.275,0.01,0.05,11.1,1,0.15,0.84,106.6,
"0323,13:19",400,0.1768,0.02,0.05,32.0,1,0.15,0.84,106.4,
"0323,13:19",410,0.207,0.03,0.05,46.8,1,0.16,0.84,106.5,
"0323,13:19",420,0.2446,0.02,0.05,40.7,1,0.15,0.84,106.7,
"0323,13:19",430,0.1943,0.03,0.05,49.9,1,0.16,0.84,106.8,
"0323,13:19",440,0.2157,0.02,0.05,35.3,1,0.15,0.84,106.9,
"0323,13:19",450,0.2283,0.03,0.05,51.5,1,0.16,0.84,107.1,
"0323,13:19",460,0.2043,0.02,0.05,40.1,1,0.15,0.84,107.2,
"0323,13:19",470,0.1797,0.02,0.05,40.4,1,0.15,0.84,107.3,
"0323,13:19",480,0.2348,0.03,0.05,47.8,1,0.16,0.84,107.3,
"0323,13:19",490,0.225,0.02,0.05,36.6,1,0.15,0.84,107.4,
"0323,13:19",500,0.2691,0.01,0.05,19.4,1,0.15,0.84,107.3,
"0323,13:19",510,0.1643,0.02,0.05,35.5,1,0.15,0.84,107.3,
"0323,13:19",520,0.216,0.02,0.05,30.8,1,0.15,0.84,107.3,
"0323,13:19",530,0.1777,0.03,0.05,46.2,1,0.16,0.84,107.3,
"0323,13:19",540,0.1886,0.03,0.05,50.5,1,0.16,0.84,107.3,
"0323,13:19",550,0.1827,0.03,0.05,56.7,1,0.16,0.84,107.4,
"0323,13:19",560,0.1801,0.02,0.05,43.2,1,0.15,0.84,107.5,
"0323,13:19",570,0.1956,0.02,0.05,32.7,1,0.15,0.84,107.6,
"0323,13:19",580,0.191,0.02,0.05,37.2,1,0.16,0.84,107.6,
"0323,13:19",590,0.1793,0.03,0.05,48.6,1,0.16,0.84,107.6,
"0323,13:19",600,0.2122,0.03,0.06,43.9,1,0.16,0.25,106.7,
"0323,13:19",610,0.2319,0.03,0.06,47.6,1,0.16,0.68,106.7,
"0323,13:19",620,0.2244,0.03,0.06,42.0,1,0.16,0.68,106.8,
"0323,13:19",630,0.1954,0.03,0.06,55.5,1,0.16,0.68,106.7,
"0323,13:19",640,0.2417,0.03,0.06,49.6,1,0.16,0.78,106.8,
"0323,13:19",650,0.2196,0.02,0.06,32.4,1,0.15,0.78,106.9,
"0323,13:19",660,0.1846,0.02,0.06,27.9,1,0.15,0.78,106.9,
"0323,13:19",670,0.1809,0.02,0.06,40.7,1,0.15,0.78,106.9,
"0323,13:19",680,0.1841,0.02,0.06,35.9,1,0.15,0.78,106.9,
"0323,13:19",690,0.1678,0.03,0.06,52.5,1,0.16,0.78,106.9,
"0323,13:19",700,0.192,0.02,0.07,30.6,1,0.16,0.41,105.8,
"0323,13:19",710,0.2122,0.04,0.07,50.5,1,0.16,0.58,105.6,
"0323,13:19",720,0.2135,0.03,0.07,40.5,1,0.16,0.68,105.6,
"0323,13:19",730,0.1881,0.03,0.07,46.5,1,0.16,0.78,105.7,
"0323,13:19",740,0.1748,0.04,0.07,49.5,1,0.16,0.78,105.7,
"0323,13:19",750,0.201,0.04,0.07,55.5,1,0.16,0.99,105.7,
"0323,13:19",760,0.1775,0.04,0.07,52.6,1,0.16,0.99,105.7,
"0323,13:19",770,0.1987,0.03,0.07,38.6,1,0.16,0.99,105.7,
"0323,13:19",780,0.1871,0.04,0.07,58.5,1,0.16,0.99,105.6,
"0323,13:19",790,0.1906,0.02,0.07,33.9,1,0.16,0.99,105.6,
"0323,13:19",800,0.2167,0.03,0.09,33.0,1,0.16,0.37,104.8,
"0323,13:19",810,0.2283,0.05,0.09,60.1,1,0.17,0.67,104.7,
"0323,13:19",820,0.1952,0.04,0.09,49.8,1,0.16,0.67,104.6,
"0323,13:19",830,0.2012,0.03,0.09,36.7,1,0.16,0.67,104.6,
"0323,13:19",840,0.2193,0.05,0.09,59.7,1,0.17,0.67,104.5,
"0323,13:19",850,0.1959,0.04,0.09,49.3,1,0.17,0.67,104.4,
"0323,13:19",860,0.1644,0.04,0.09,47.5,1,0.16,0.67,104.4,
"0323,13:19",870,0.1844,0.03,0.09,32.5,1,0.16,0.67,104.3,
"0323,13:19",880,0.2038,0.05,0.09,55.3,1,0.17,0.67,104.3,
"0323,13:19",890,0.2024,0.02,0.09,25.7,1,0.15,0.67,104.2,
"0323,13:19",900,0.1713,0.04,0.11,38.2,1,0.16,0.37,103.6,
"0323,13:19",910,0.1762,0.06,0.11,52.2,1,0.17,0.59,103.4,
"0323,13:19",920,0.2215,0.04,0.11,38.6,1,0.16,0.59,103.3,
"0323,13:19",930,0.1867,0.04,0.11,37.6,1,0.16,0.69,103.2,
"0323,13:19",940,0.2234,0.04,0.11,39.7,1,0.17,0.69,103.1,
"0323,13:19",950,0.1869,0.05,0.11,43.8,1,0.17,0.69,103.0,
"0323,13:19",960,0.1792,0.04,0.11,35.6,1,0.16,0.69,102.9,
"0323,13:19",970,0.1765,0.04,0.11,34.6,1,0.16,0.69,102.8,
"0323,13:19",980,0.1696,0.05,0.11,49.4,1,0.17,0.81,102.6,
"0323,13:19",990,0.1728,0.06,0.11,50.0,1,0.17,0.81,102.4,
"0323,13:19",1000,0.2057,0.04,0.14,31.6,1,0.17,0.35,101.9,
"0323,13:19",1010,0.1841,0.06,0.14,42.6,1,0.17,0.74,101.7,
"0323,13:19",1020,0.1739,0.08,0.14,53.0,1,0.18,0.86,101.5,
"0323,13:19",1030,0.1718,0.05,0.14,37.1,1,0.17,0.86,101.4,
"0323,13:19",1040,0.1708,0.05,0.14,36.7,1,0.17,0.86,101.3,
"0323,13:19",1050,0.2679,0.04,0.14,29.3,1,0.16,0.98,101.1,
"0323,13:19",1060,0.2245,0.07,0.14,46.5,1,0.18,0.98,100.9,
"0323,13:19",1070,0.1785,0.04,0.14,29.0,1,0.16,0.98,100.7,
"0323,13:19",1080,0.1844,0.06,0.14,41.7,1,0.17,0.98,100.5,
"0323,13:19",1090,0.1766,0.04,0.14,30.4,1,0.17,0.98,100.4,
"0323,13:19",1100,0.1655,0.06,0.18,33.0,1,0.17,0.36,99.2,
"0323,13:19",1110,0.2223,0.05,0.18,26.3,1,0.17,0.72,99.0,
"0323,13:19",1120,0.1967,0.07,0.18,36.0,1,0.18,0.72,98.8,
"0323,13:19",1130,0.1889,0.07,0.18,38.9,1,0.18,0.85,98.6,
"0323,13:19",1140,0.1723,0.07,0.18,36.9,1,0.18,0.85,98.4,
"0323,13:19",1150,0.1848,0.09,0.18,49.5,1,0.19,0.98,98.1,
"0323,13:19",1160,0.174,0.07,0.18,40.1,1,0.18,0.98,97.9,
"0323,13:19",1170,0.1717,0.07,0.18,38.0,1,0.18,0.99,97.8,
"0323,13:19",1180,0.1845,0.05,0.18,30.0,1,0.17,0.99,97.6,
"0323,13:19",1190,0.1991,0.07,0.18,38.9,1,0.18,0.99,97.4,
"0323,13:19",1200,0.1817,0.06,0.23,25.2,1,0.17,0.48,96.6,
"0323,13:19",1210,0.2032,0.07,0.23,29.8,1,0.18,0.8,96.4,
"0323,13:19",1220,0.2587,0.06,0.23,25.9,1,0.17,0.8,96.2,
"0323,13:19",1230,0.1607,0.08,0.23,34.5,1,0.18,0.93,96.1,
"0323,13:19",1240,0.1637,0.07,0.23,30.0,1,0.18,1.06,95.9,
"0323,13:19",1250,0.1694,0.07,0.23,31.8,1,0.18,1.06,95.6,
"0323,13:19",1260,0.1685,0.09,0.23,38.6,1,0.19,1.06,95.5,
"0323,13:19",1270,0.1977,0.06,0.23,24.5,1,0.17,1.06,95.3,
"0323,13:19",1280,0.1704,0.08,0.23,36.3,1,0.18,1.06,95.1,
"0323,13:19",1290,0.173,0.09,0.23,37.2,1,0.19,0.76,94.8,
"0323,13:19",1300,0.179,0.08,0.29,27.8,1,0.18,0.34,93.2,
"0323,13:19",1310,0.1671,0.11,0.29,37.4,1,0.2,0.88,93.0,
"0323,13:19",1320,0.199,0.13,0.29,43.7,1,0.21,1.03,92.8,
"0323,13:19",1330,0.1697,0.1,0.29,33.5,1,0.19,0.61,92.5,
"0323,13:19",1340,0.1923,0.12,0.29,41.3,1,0.21,0.86,92.3,
"0323,13:19",1350,0.1824,0.09,0.29,32.4,1,0.19,0.98,92.0,
"0323,13:19",1360,0.1735,0.1,0.29,33.0,1,0.19,0.99,91.8,
"0323,13:19",1370,0.1701,0.13,0.29,46.0,1,0.21,0.99,91.6,
"0323,13:19",1380,0.1651,0.09,0.29,31.7,1,0.19,0.99,91.5,
"0323,13:19",1390,0.1656,0.09,0.29,30.8,1,0.19,0.99,91.3,
"0323,13:19",1400,0.1568,0.1,0.36,26.6,1,0.19,0.51,90.2,
"0323,13:19",1410,0.1631,0.11,0.36,31.2,1,0.2,0.76,90.0,
"0323,13:19",1420,0.1706,0.1,0.36,26.5,1,0.19,0.92,89.7,
"0323,13:19",1430,0.1651,0.1,0.36,28.6,1,0.2,0.92,89.4,
"0323,13:19",1440,0.1737,0.08,0.36,21.5,1,0.18,0.92,89.2,
"0323,13:19",1450,0.2049,0.12,0.36,33.1,1,0.2,0.92,89.0,
"0323,13:19",1460,0.1698,0.13,0.36,36.9,1,0.21,0.92,88.9,
"0323,13:19",1470,0.1741,0.1,0.36,28.0,1,0.2,0.92,88.7,
"0323,13:19",1480,0.1812,0.11,0.36,31.6,1,0.2,0.92,88.4,
"0323,13:19",1490,0.1624,0.12,0.36,31.9,1,0.2,0.92,88.2,
"0323,13:19",1500,0.1947,0.12,0.44,28.3,1,0.21,0.49,87.5,
"0323,13:19",1510,0.191,0.08,0.44,18.5,1,0.18,0.84,87.3,
"0323,13:19",1520,0.1603,0.12,0.44,27.4,1,0.21,0.84,87.0,
"0323,13:19",1530,0.1743,0.15,0.44,33.1,1,0.21,0.99,86.8,
"0323,13:19",1540,0.1797,0.13,0.44,29.7,1,0.21,1.15,86.6,
"0323,13:19",1550,0.2436,0.1,0.44,23.6,1,0.2,1.15,86.4,
"0323,13:19",1560,0.1668,0.16,0.44,35.3,1,0.22,1.15,86.2,
"0323,13:19",1570,0.19,0.14,0.44,32.1,1,0.22,1.15,86.0,
"0323,13:19",1580,0.1683,0.1,0.44,23.1,1,0.19,1.15,85.8,
"0323,13:19",1590,0.1575,0.15,0.44,33.5,1,0.22,1.15,85.6,
"0323,13:19",1600,0.1759,0.18,0.52,35.1,1,0.23,0.66,84.7,
"0323,13:19",1610,0.18,0.18,0.52,35.2,1,0.24,0.82,84.4,
"0323,13:19",1620,0.2659,0.12,0.52,23.8,1,0.21,0.99,84.2,
"0323,13:19",1630,0.1663,0.18,0.52,34.2,1,0.23,1.15,84.0,
"0323,13:19",1640,0.1759,0.14,0.52,27.6,1,0.22,0.78,83.7,
"0323,13:19",1650,0.1652,0.14,0.52,26.5,1,0.21,0.42,83.4,
"0323,13:19",1660,0.1777,0.15,0.52,28.9,1,0.22,0.94,83.2,
"0323,13:19",1670,0.1721,0.11,0.52,21.6,1,0.2,1.1,83.0,
"0323,13:19",1680,0.1742,0.11,0.52,20.9,1,0.2,1.1,82.8,
"0323,13:19",1690,0.1592,0.12,0.52,23.3,1,0.2,1.11,82.6,
"0323,13:19",1700,0.1622,0.17,0.61,27.8,1,0.22,0.64,80.8,
"0323,13:19",1710,0.1706,0.14,0.61,23.7,1,0.22,1.16,80.6,
"0323,13:19",1720,0.196,0.18,0.61,29.1,1,0.23,1.16,80.4,
"0323,13:19",1730,0.1732,0.19,0.61,31.1,1,0.24,1.16,80.2,
"0323,13:19",1740,0.1753,0.14,0.61,23.7,1,0.22,1.16,80.0,
"0323,13:19",1750,0.1661,0.14,0.61,22.9,1,0.21,1.16,79.8,
"0323,13:19",1760,0.1735,0.17,0.61,27.5,1,0.23,1.16,79.6,
"0323,13:19",1770,0.1609,0.17,0.61,27.3,1,0.23,1.16,79.3,
"0323,13:19",1780,0.164,0.13,0.61,22.0,1,0.21,1.16,79.1,
"0323,13:19",1790,0.1528,0.17,0.61,27.7,1,0.23,1.16,79.0,
"0323,13:19",1800,0.1805,0.16,0.69,23.1,1,0.22,0.69,77.8,
"0323,13:19",1810,0.1691,0.16,0.69,22.9,1,0.22,1.16,77.6,
"0323,13:19",1820,0.1669,0.15,0.69,22.0,1,0.22,0.83,77.3,
"0323,13:19",1830,0.1887,0.15,0.69,22.0,1,0.22,1.01,77.1,
"0323,13:19",1840,0.1721,0.23,0.69,33.1,1,0.26,1.18,76.8,
"0323,13:19",1850,0.1726,0.21,0.69,31.3,1,0.25,0.73,76.6,
"0323,13:19",1860,0.1664,0.13,0.69,18.5,1,0.21,1.05,76.4,
"0323,13:19",1870,0.1584,0.16,0.69,23.0,1,0.22,1.0,76.2,
"0323,13:19",1880,0.189,0.2,0.69,29.6,1,0.25,1.18,75.9,
"0323,13:19",1890,0.154,0.2,0.69,28.9,1,0.24,1.18,75.8,
"0323,13:19",1900,0.1568,0.11,0.76,13.8,1,0.2,0.82,75.0,
"0323,13:19",1910,0.1747,0.22,0.76,29.5,1,0.26,1.0,74.8,
"0323,13:19",1920,0.1651,0.18,0.76,24.2,1,0.24,1.16,74.6,
"0323,13:19",1930,0.1758,0.11,0.76,14.3,1,0.2,0.85,74.3,
"0323,13:19",1940,0.1678,0.13,0.76,17.4,1,0.21,0.85,74.2,
"0323,13:19",1950,0.1604,0.19,0.76,24.8,1,0.24,1.03,74.0,
"0323,13:19",1960,0.1737,0.2,0.76,26.6,1,0.25,1.03,73.8,
"0323,13:19",1970,0.1477,0.15,0.76,20.2,1,0.22,1.03,73.6,
"0323,13:19",1980,0.1632,0.25,0.76,32.7,1,0.27,1.03,73.4,
"0323,13:19",1990,0.1741,0.23,0.76,30.8,1,0.26,1.03,73.2,
"0323,13:19",2000,0.1792,0.18,0.83,21.1,2,0.23,0.66,72.0,
"0323,13:19",2010,0.1661,0.32,0.83,38.1,2,0.21,0.83,71.7,
"0323,13:19",2020,0.1599,0.18,0.83,21.4,2,0.22,0.83,71.5,
"0323,13:19",2030,0.1929,0.22,0.83,26.1,2,0.2,1.0,71.2,
"0323,13:19",2040,0.1731,0.24,0.83,28.8,2,0.21,1.0,71.0,
"0323,13:19",2050,0.1765,0.25,0.83,29.8,2,0.22,1.0,70.7,
"0323,13:19",2060,0.1694,0.14,0.83,17.0,2,0.21,1.0,70.5,
"0323,13:19",2070,0.1641,0.26,0.83,31.4,2,0.2,1.0,70.3,
"0323,13:19",2080,0.1704,0.2,0.83,24.1,2,0.21,1.0,70.1,
"0323,13:19",2090,0.1558,0.2,0.83,23.5,2,0.22,1.0,69.9,
"0323,13:19",2100,0.1527,0.3,0.91,32.7,2,0.2,0.59,69.1,
"0323,13:19",2110,0.1569,0.22,0.91,24.5,2,0.24,0.74,68.9,
"0323,13:19",2120,0.176,0.15,0.91,16.1,2,0.21,0.91,68.6,
"0323,13:19",2130,0.1761,0.22,0.91,24.7,2,0.21,0.91,68.3,
"0323,13:19",2140,0.1585,0.21,0.91,23.5,2,0.22,0.91,68.1,
"0323,13:19",2150,0.1571,0.28,0.91,31.1,2,0.2,0.91,67.9,
"0323,13:19",2160,0.1736,0.19,0.91,20.8,2,0.22,0.91,67.6,
"0323,13:19",2170,0.1577,0.24,0.91,26.7,2,0.22,0.91,67.4,
"0323,13:19",2180,0.1681,0.16,0.91,17.6,2,0.22,0.92,67.2,
"0323,13:19",2190,0.1878,0.29,0.91,31.5,2,0.24,0.92,67.1,
"0323,13:19",2200,0.1845,0.21,0.97,21.8,2,0.24,0.55,66.4,
"0323,13:19",2210,0.1541,0.2,0.97,20.6,2,0.22,0.91,66.2,
"0323,13:19",2220,0.1588,0.16,0.97,16.3,2,0.21,1.09,66.0,
"0323,13:19",2230,0.1614,0.26,0.97,26.9,2,0.21,1.09,65.8,
"0323,13:19",2240,0.1715,0.35,0.97,36.1,2,0.2,1.09,65.6,
"0323,13:19",2250,0.1513,0.33,0.97,34.0,2,0.2,1.09,65.4,
"0323,13:19",2260,0.1751,0.12,0.97,12.3,2,0.21,1.09,65.2,
"0323,13:19",2270,0.1625,0.33,0.97,34.0,2,0.22,0.84,64.9,
"0323,13:19",2280,0.1695,0.3,0.97,30.5,2,0.25,0.84,64.7,
"0323,13:19",2290,0.1602,0.13,0.97,13.5,2,0.21,1.01,64.5,
"0323,13:19",2300,0.1649,0.29,1.04,27.9,2,0.21,0.67,63.9,
"0323,13:19",2310,0.1774,0.12,1.04,11.7,2,0.21,1.08,63.8,
"0323,13:19",2320,0.1867,0.36,1.04,34.4,2,0.23,1.08,63.6,
"0323,13:19",2330,0.1844,0.23,1.04,22.3,2,0.24,0.61,63.4,
"0323,13:19",2340,0.169,0.29,1.04,27.5,2,0.22,1.14,63.1,
"0323,13:19",2350,0.1658,0.38,1.04,36.5,2,0.22,1.15,62.9,
"0323,13:19",2360,0.189,0.32,1.04,30.7,2,0.26,1.15,62.8,
"0323,13:19",2370,0.1765,0.23,1.04,22.4,2,0.21,1.15,62.6,
"0323,13:19",2380,0.1617,0.23,1.04,22.1,2,0.22,1.15,62.4,
"0323,13:19",2390,0.1553,0.28,1.04,27.2,2,0.22,1.15,62.3,
"0323,13:19",2400,0.1608,0.34,1.11,31.0,2,0.22,0.7,61.7,
"0323,13:19",2410,0.157,0.31,1.11,28.4,2,0.19,1.02,61.5,
"0323,13:19",2420,0.1641,0.3,1.11,26.8,2,0.23,1.03,61.4,
"0323,13:19",2430,0.1577,0.19,1.11,17.6,2,0.22,0.91,61.2,
"0323,13:19",2440,0.1715,0.29,1.11,25.9,2,0.24,0.91,61.0,
"0323,13:19",2450,0.1697,0.34,1.11,30.8,2,0.25,0.72,60.8,
"0323,13:19",2460,0.1816,0.13,1.11,12.2,2,0.2,1.07,60.7,
"0323,13:19",2470,0.1448,0.25,1.11,22.4,2,0.24,1.14,60.4,
"0323,13:19",2480,0.1542,0.29,1.11,25.8,2,0.22,1.15,60.3,
"0323,13:19",2490,0.1461,0.29,1.11,26.3,2,0.2,1.15,60.2,
"0323,13:19",2500,0.1766,0.14,1.17,11.8,2,0.21,0.66,59.4,
"0323,13:19",2510,0.1562,0.15,1.17,12.5,2,0.22,1.13,59.2,
"0323,13:19",2520,0.1749,0.16,1.17,13.3,2,0.21,1.13,59.1,
"0323,13:19",2530,0.1563,0.35,1.17,29.9,2,0.2,0.87,58.8,
"0323,13:19",2540,0.1596,0.3,1.17,25.4,2,0.21,1.06,58.6,
"0323,13:19",2550,0.1402,0.23,1.17,19.2,2,0.24,1.06,58.5,
"0323,13:19",2560,0.1578,0.4,1.17,33.9,2,0.21,1.06,58.3,
"0323,13:19",2570,0.1501,0.34,1.17,28.8,2,0.21,1.06,58.2,
"0323,13:19",2580,0.1606,0.18,1.17,15.4,2,0.21,1.06,58.0,
"0323,13:19",2590,0.1698,0.3,1.17,25.8,2,0.21,1.1,57.9,
"0323,13:19",2600,0.1386,0.22,1.24,17.4,2,0.21,0.51,57.2,
"0323,13:19",2610,0.1585,0.33,1.24,26.8,2,0.22,1.05,57.1,
"0323,13:19",2620,0.1617,0.27,1.24,21.6,2,0.22,0.66,56.9,
"0323,13:19",2630,0.1637,0.38,1.24,31.0,2,0.24,1.17,56.7,
"0323,13:19",2640,0.1727,0.39,1.24,31.3,2,0.23,1.11,56.5,
"0323,13:19",2650,0.1672,0.33,1.24,26.5,2,0.21,1.11,56.3,
"0323,13:19",2660,0.1809,0.29,1.24,23.7,2,0.24,1.11,56.2,
"0323,13:19",2670,0.1854,0.14,1.24,11.7,2,0.2,1.05,56.1,
"0323,13:19",2680,0.1754,0.38,1.24,30.7,2,0.27,0.79,55.9,
"0323,13:19",2690,0.164,0.25,1.24,20.2,2,0.24,1.14,55.8,
"0323,13:19",2700,0.162,0.18,1.3,13.7,2,0.22,0.48,55.4,
"0323,13:19",2710,0.1341,0.38,1.3,29.4,2,0.2,1.08,55.2,
"0323,13:19",2720,0.1632,0.31,1.3,23.9,2,0.24,1.08,55.1,
"0323,13:19",2730,0.1508,0.38,1.3,29.4,2,0.2,1.08,55.0,
"0323,13:19",2740,0.17,0.34,1.3,26.1,2,0.27,1.08,54.8,
"0323,13:19",2750,0.181,0.32,1.3,24.8,2,0.3,1.08,54.7,
"0323,13:19",2760,0.1638,0.32,1.3,24.4,2,0.2,1.08,54.7,
"0323,13:19",2770,0.1578,0.29,1.3,22.5,2,0.21,1.08,54.6,
"0323,13:19",2780,0.1593,0.43,1.3,33.0,2,0.22,1.08,54.4,
"0323,13:19",2790,0.1624,0.21,1.3,16.1,2,0.22,1.08,54.3,
"0323,13:19",2800,0.1614,0.37,1.37,26.9,2,0.22,0.5,53.9,
"0323,13:19",2810,0.1687,0.42,1.37,30.7,2,0.27,1.16,53.8,
"0323,13:19",2820,0.1538,0.26,1.37,18.9,2,0.23,1.16,53.7,
"0323,13:19",2830,0.1495,0.39,1.37,28.8,2,0.22,1.16,53.5,
"0323,13:19",2840,0.1472,0.37,1.37,26.8,2,0.21,1.16,53.4,
"0323,13:19",2850,0.1427,0.49,1.37,35.7,2,0.22,1.04,53.3,
"0323,13:19",2860,0.1655,0.36,1.37,26.4,2,0.24,1.05,53.1,
"0323,13:19",2870,0.1767,0.3,1.37,21.8,2,0.25,1.05,53.0,
"0323,13:19",2880,0.1702,0.36,1.37,26.3,2,0.24,1.05,52.9,
"0323,13:19",2890,0.1289,0.45,1.37,33.1,2,0.21,1.05,52.8,
"0323,13:19",2900,0.1328,0.44,1.43,30.9,2,0.22,0.41,52.4,
"0323,13:19",2910,0.1712,0.41,1.43,28.4,2,0.24,1.14,52.2,
"0323,13:19",2920,0.1576,0.35,1.43,24.3,2,0.2,1.14,52.1,
"0323,13:19",2930,0.1825,0.43,1.43,29.8,2,0.23,1.0,52.0,
"0323,13:19",2940,0.1511,0.44,1.43,31.0,2,0.22,1.2,51.9,
"0323,13:19",2950,0.1492,0.33,1.43,22.8,2,0.24,1.02,51.8,
"0323,13:19",2960,0.149,0.38,1.43,26.5,2,0.22,1.02,51.6,
"0323,13:19",2970,0.1563,0.24,1.43,16.6,2,0.23,0.8,51.5,
"0323,13:19",2980,0.1752,0.48,1.43,33.6,2,0.24,1.17,51.5,
"0323,13:19",2990,0.1576,0.41,1.43,29.0,2,0.23,0.78,51.4,
"0323,13:19",3000,0.1406,0.51,1.5,34.0,2,0.22,0.58,50.9,
"0323,13:19",3010,0.3479,0.38,1.5,25.6,2,0.25,1.02,50.8,
"0323,13:19",3020,0.3205,0.45,1.5,30.1,2,0.28,1.02,50.7,
"0323,13:20",3030,0.313,0.33,1.5,21.8,2,0.25,1.18,50.6,
"0323,13:20",3040,0.2901,0.39,1.5,25.7,2,0.26,0.43,50.4,
"0323,13:20",3050,0.2049,0.33,1.5,21.8,2,0.21,1.02,50.3,
"0323,13:20",3060,0.2487,0.4,1.5,26.5,2,0.34,1.2,50.3,
"0323,13:20",3070,0.2608,0.42,1.5,27.9,2,0.24,1.2,50.1,
"0323,13:20",3080,0.2355,0.44,1.5,29.0,2,0.22,1.2,50.0,
"0323,13:20",3090,0.2157,0.33,1.5,21.7,2,0.25,1.07,49.9,
"0323,13:20",3100,0.2283,0.35,1.45,24.4,2,0.24,0.68,49.5,
"0323,13:20",3110,0.2437,0.47,1.45,32.6,2,0.2,1.15,49.4,
"0323,13:20",3120,0.1774,0.3,1.45,20.7,2,0.24,1.15,49.3,
"0323,13:20",3130,0.1917,0.4,1.45,28.0,2,0.21,1.15,49.2,
"0323,13:20",3140,0.2141,0.22,1.45,15.3,2,0.22,1.04,49.2,
"0323,13:20",3150,0.1888,0.13,1.45,9.2,2,0.21,1.21,49.1,
"0323,13:20",3160,0.2166,0.45,1.45,31.3,2,0.21,0.89,49.0,
"0323,13:20",3170,0.1587,0.37,1.45,25.8,2,0.22,0.83,48.9,
"0323,13:20",3180,0.1622,0.22,1.45,15.5,2,0.22,0.99,48.8,
"0323,13:20",3190,0.1671,0.38,1.45,25.9,2,0.24,1.19,48.8,
"0323,13:20",3200,0.162,0.35,1.42,24.8,2,0.19,0.48,48.4,
"0323,13:20",3210,0.1562,0.36,1.42,25.5,2,0.2,1.13,48.4,
"0323,13:20",3220,0.1638,0.16,1.42,11.3,2,0.22,0.66,48.3,
"0323,13:20",3230,0.1564,0.26,1.42,18.5,2,0.25,1.09,48.2,
"0323,13:20",3240,0.1665,0.14,1.42,9.6,2,0.21,1.18,48.1,
"0323,13:20",3250,0.1767,0.13,1.42,9.3,2,0.2,0.68,48.0,
"0323,13:20",3260,0.1547,0.41,1.42,28.8,2,0.22,1.18,48.0,
"0323,13:20",3270,0.164,0.29,1.42,20.0,2,0.23,1.18,47.9,
"0323,13:20",3280,0.1984,0.42,1.42,29.6,2,0.28,1.18,47.9,
"0323,13:20",3290,0.1687,0.34,1.42,24.0,2,0.26,1.18,47.8,
"0323,13:20",3300,0.1548,0.44,1.43,30.6,2,0.22,0.59,47.5,
"0323,13:20",3310,0.1758,0.33,1.43,22.8,2,0.24,0.86,47.4,
"0323,13:20",3320,0.1848,0.32,1.43,22.6,2,0.25,0.97,47.3,
"0323,13:20",3330,0.1787,0.35,1.43,24.5,2,0.26,1.01,47.2,
"0323,13:20",3340,0.1712,0.24,1.43,16.7,2,0.22,1.01,47.2,
"0323,13:20",3350,0.1634,0.14,1.43,10.0,2,0.22,1.07,47.1,
"0323,13:20",3360,0.1596,0.4,1.43,27.9,2,0.22,0.9,47.1,
"0323,13:20",3370,0.1586,0.49,1.43,33.9,2,0.21,1.09,47.0,
"0323,13:20",3380,0.1574,0.49,1.43,33.9,2,0.21,1.02,47.0,
"0323,13:20",3390,0.1409,0.39,1.43,27.3,2,0.21,1.03,46.9,
"0323,13:20",3400,0.1373,0.39,1.46,27.0,2,0.2,0.47,46.6,
"0323,13:20",3410,0.166,0.42,1.46,28.7,2,0.22,1.18,46.5,
"0323,13:20",3420,0.167,0.35,1.46,24.3,2,0.26,1.18,46.5,
"0323,13:20",3430,0.1509,0.41,1.46,27.9,2,0.2,1.18,46.4,
"0323,13:20",3440,0.1483,0.41,1.46,27.8,2,0.2,0.96,46.4,
"0323,13:20",3450,0.1615,0.21,1.46,14.7,2,0.2,1.2,46.3,
"0323,13:20",3460,0.1766,0.33,1.46,22.7,2,0.25,0.82,46.2,
"0323,13:20",3470,0.1647,0.39,1.46,26.6,2,0.23,0.79,46.1,
"0323,13:20",3480,0.1564,0.43,1.46,29.1,2,0.21,1.18,46.1,
"0323,13:20",3490,0.1509,0.37,1.46,25.5,2,0.23,1.18,46.0,
"0323,13:20",3500,0.1507,0.19,1.5,12.4,2,0.22,0.73,45.8,
"0323,13:20",3510,0.1614,0.37,1.5,24.5,2,0.21,0.94,45.7,
"0323,13:20",3520,0.1718,0.43,1.5,28.7,2,0.22,0.94,45.7,
"0323,13:20",3530,0.1708,0.32,1.5,21.5,2,0.24,0.94,45.6,
"0323,13:20",3540,0.1583,0.41,1.5,27.3,2,0.24,1.02,45.6,
"0323,13:20",3550,0.1496,0.36,1.5,24.2,2,0.22,0.99,45.5,
"0323,13:20",3560,0.158,0.35,1.5,23.7,2,0.23,1.02,45.4,
"0323,13:20",3570,0.172,0.3,1.5,20.0,2,0.25,1.02,45.4,
"0323,13:20",3580,0.184,0.44,1.5,29.3,2,0.29,0.89,45.3,
"0323,13:20",3590,0.1552,0.38,1.5,25.6,2,0.23,1.11,45.3,
"0323,13:20",3600,0.1416,0.21,1.54,13.8,2,0.22,0.47,45.0,
"0323,13:20",3610,0.1495,0.41,1.54,26.4,2,0.24,1.11,45.0,
"0323,13:20",3620,0.1527,0.49,1.54,31.9,2,0.24,1.11,44.9,
"0323,13:20",3630,0.146,0.36,1.54,23.4,2,0.24,1.11,44.9,
"0323,13:20",3640,0.1626,0.35,1.54,22.5,2,0.24,1.12,44.8,
"0323,13:20",3650,0.1441,0.18,1.54,11.9,2,0.21,0.77,44.7,
"0323,13:20",3660,0.1521,0.3,1.54,19.6,2,0.23,0.99,44.7,
"0323,13:20",3670,0.1659,0.45,1.54,29.1,2,0.3,1.11,44.6,
"0323,13:20",3680,0.1541,0.13,1.54,8.4,2,0.2,1.11,44.6,
"0323,13:20",3690,0.15,0.48,1.54,31.0,2,0.23,1.11,44.5,
"0323,13:20",3700,0.135,0.23,1.59,14.8,2,0.21,0.54,44.3,
"0323,13:20",3710,0.1675,0.47,1.59,29.5,2,0.28,1.17,44.2,
"0323,13:20",3720,0.1654,0.13,1.59,8.3,2,0.21,1.18,44.2,
"0323,13:20",3730,0.1446,0.27,1.59,17.0,2,0.22,1.08,44.1,
"0323,13:20",3740,0.1361,0.41,1.59,25.5,2,0.21,1.03,44.0,
"0323,13:20",3750,0.1572,0.39,1.59,24.2,2,0.21,0.96,44.0,
"0323,13:20",3760,0.1495,0.45,1.59,28.1,2,0.37,0.81,43.9,
"0323,13:20",3770,0.1505,0.52,1.59,32.4,2,0.22,1.19,43.9,
"0323,13:20",3780,0.1659,0.19,1.59,11.8,2,0.2,1.19,43.8,
"0323,13:20",3790,0.1369,0.36,1.59,22.3,2,0.27,1.2,43.8,
"0323,13:20",3800,0.1482,0.38,1.64,23.2,4,0.21,0.6,43.2,
"0323,13:20",3810,0.1573,0.39,1.64,23.8,4,0.24,0.96,43.2,
"0323,13:20",3820,0.1733,0.32,1.64,19.6,4,0.24,1.14,43.1,
"0323,13:20",3830,0.1577,0.44,1.64,26.6,4,0.24,1.14,43.0,
"0323,13:20",3840,0.1769,0.39,1.64,23.8,4,0.26,0.86,43.0,
"0323,13:20",3850,0.1446,0.51,1.64,31.1,4,0.28,1.18,42.9,
"0323,13:20",3860,0.1566,0.2,1.64,12.2,4,0.28,1.18,42.9,
"0323,13:20",3870,0.1443,0.54,1.64,33.2,4,0.24,1.19,42.8,
"0323,13:20",3880,0.1266,0.34,1.64,20.6,4,0.24,0.78,42.7,
"0323,13:20",3890,0.1458,0.35,1.64,21.2,4,0.24,1.22,42.6,
"0323,13:20",3900,0.1518,0.4,1.69,23.7,4,0.24,0.51,42.4,
"0323,13:20",3910,0.1471,0.24,1.69,14.0,4,0.24,1.16,42.3,
"0323,13:20",3920,0.1473,0.44,1.69,25.9,4,0.28,1.16,42.3,
"0323,13:20",3930,0.1472,0.4,1.69,23.4,4,0.28,1.17,42.2,
"0323,13:20",3940,0.1562,0.24,1.69,13.9,4,0.25,0.8,42.1,
"0323,13:20",3950,0.1485,0.17,1.69,9.8,4,0.27,1.02,42.1,
"0323,13:20",3960,0.1365,0.33,1.69,19.7,4,0.25,0.83,42.0,
"0323,13:20",3970,0.1459,0.36,1.69,21.1,4,0.24,1.17,41.9,
"0323,13:20",3980,0.1487,0.37,1.69,21.6,4,0.24,1.17,41.9,
"0323,13:20",3990,0.1441,0.16,1.69,9.4,4,0.25,0.91,41.8,
"0323,13:20",4000,0.1507,0.46,1.75,26.4,4,0.29,0.49,41.6,
"0323,13:20",4010,0.1583,0.15,1.75,8.8,4,0.27,1.18,41.6,
"0323,13:20",4020,0.1444,0.16,1.75,9.2,4,0.28,1.16,41.5,
"0323,13:20",4030,0.1508,0.47,1.75,27.1,4,0.28,1.16,41.4,
"0323,13:20",4040,0.1358,0.39,1.75,22.1,4,0.24,1.16,41.4,
"0323,13:20",4050,0.1406,0.4,1.75,22.9,4,0.28,1.16,41.3,
"0323,13:20",4060,0.1372,0.17,1.75,9.8,4,0.28,1.16,41.2,
"0323,13:20",4070,0.1539,0.51,1.75,29.4,4,0.28,1.16,41.2,
"0323,13:20",4080,0.1404,0.24,1.75,13.6,4,0.28,1.16,41.1,
"0323,13:20",4090,0.1536,0.39,1.75,22.4,4,0.24,1.16,41.1,
"0323,13:20",4100,0.1285,0.48,1.8,26.6,4,0.24,0.45,40.9,
"0323,13:20",4110,0.1292,0.53,1.8,29.6,4,0.28,1.12,40.8,
"0323,13:20",4120,0.1464,0.26,1.8,14.6,4,0.25,1.12,40.8,
"0323,13:20",4130,0.1481,0.5,1.8,27.6,4,0.28,0.86,40.7,
"0323,13:20",4140,0.148,0.48,1.8,26.5,4,0.24,1.05,40.6,
"0323,13:20",4150,0.1564,0.16,1.8,8.9,4,0.27,0.98,40.6,
"0323,13:20",4160,0.1415,0.58,1.8,32.4,4,0.25,1.12,40.5,
"0323,13:20",4170,0.1495,0.44,1.8,24.7,4,0.26,1.12,40.4,
"0323,13:20",4180,0.1355,0.27,1.8,15.0,4,0.25,1.12,40.4,
"0323,13:20",4190,0.1549,0.16,1.8,8.9,4,0.25,1.16,40.3,
"0323,13:20",4200,0.1466,0.43,1.85,23.2,4,0.25,0.61,40.1,
"0323,13:20",4210,0.1867,0.59,1.85,31.6,4,0.28,1.15,40.0,
"0323,13:20",4220,0.1496,0.59,1.85,32.1,4,0.26,1.22,40.0,
"0323,13:20",4230,0.1518,0.35,1.85,18.9,4,0.25,1.22,39.9,
"0323,13:20",4240,0.1426,0.48,1.85,25.9,4,0.25,1.22,39.9,
"0323,13:20",4250,0.1334,0.52,1.85,27.9,4,0.28,1.22,39.8,
"0323,13:20",4260,0.1431,0.59,1.85,31.6,4,0.25,0.51,39.8,
"0323,13:20",4270,0.1317,0.52,1.85,27.9,4,0.25,0.47,39.7,
"0323,13:20",4280,0.1749,0.29,1.85,15.8,4,0.23,1.1,39.6,
"0323,13:20",4290,0.1521,0.45,1.85,24.1,4,0.28,1.1,39.6,
"0323,13:20",4300,0.127,0.46,1.9,24.2,4,0.28,0.64,39.3,
"0323,13:20",4310,0.1459,0.33,1.9,17.5,4,0.29,1.16,39.3,
"0323,13:20",4320,0.1444,0.23,1.9,12.1,4,0.25,1.16,39.3,
"0323,13:20",4330,0.1596,0.18,1.9,9.2,4,0.27,1.17,39.2,
"0323,13:20",4340,0.1439,0.21,1.9,11.0,4,0.28,1.17,39.2,
"0323,13:20",4350,0.1435,0.6,1.9,31.6,4,0.25,1.17,39.1,
"0323,13:20",4360,0.1516,0.46,1.9,24.1,4,0.25,0.54,39.1,
"0323,13:20",4370,0.1615,0.36,1.9,18.8,4,0.25,0.95,39.0,
"0323,13:20",4380,0.128,0.41,1.9,21.3,4,0.28,1.13,39.0,
"0323,13:20",4390,0.1499,0.16,1.9,8.1,4,0.27,1.01,38.9,
"0323,13:20",4400,0.1452,0.43,1.97,21.7,4,0.24,0.49,38.7,
"0323,13:20",4410,0.1244,0.58,1.97,29.6,4,0.29,1.25,38.6,
"0323,13:20",4420,0.1637,0.46,1.97,23.4,4,0.25,1.06,38.6,
"0323,13:20",4430,0.1424,0.48,1.97,24.4,4,0.25,0.51,38.5,
"0323,13:20",4440,0.1671,0.23,1.97,11.6,4,0.25,0.96,38.5,
"0323,13:20",4450,0.1346,0.52,1.97,26.4,4,0.24,1.12,38.4,
"0323,13:20",4460,0.1455,0.51,1.97,25.9,4,0.25,0.9,38.4,
"0323,13:20",4470,0.1587,0.59,1.97,29.9,4,0.28,0.89,38.3,
"0323,13:20",4480,0.1428,0.3,1.97,15.5,4,0.25,0.81,38.3,
"0323,13:20",4490,0.1357,0.28,1.97,14.1,4,0.25,1.17,38.2,
"0323,13:20",4500,0.1429,0.53,2.02,26.5,4,0.25,0.44,38.0,
"0323,13:20",4510,0.138,0.52,2.02,26.0,4,0.28,1.18,38.0,
"0323,13:20",4520,0.1425,0.47,2.02,23.1,4,0.24,1.18,37.9,
"0323,13:20",4530,0.1512,0.49,2.02,24.1,4,0.26,1.18,37.9,
"0323,13:21",4540,0.1414,0.49,2.02,24.3,4,0.26,0.86,37.8,
"0323,13:21",4550,0.1358,0.54,2.02,26.7,4,0.24,1.23,37.8,
"0323,13:21",4560,0.1471,0.6,2.02,29.9,4,0.28,0.99,37.7,
"0323,13:21",4570,0.118,0.49,2.02,24.4,4,0.24,1.21,37.7,
"0323,13:21",4580,0.1366,0.3,2.02,15.0,4,0.25,1.21,37.7,
"0323,13:21",4590,0.1422,0.68,2.02,33.9,4,0.28,1.21,37.6,
"0323,13:21",4600,0.1297,0.39,2.07,18.9,4,0.25,0.49,37.4,
"0323,13:21",4610,0.1478,0.62,2.07,30.1,4,0.28,1.16,37.4,
"0323,13:21",4620,0.1457,0.44,2.07,21.4,4,0.24,0.86,37.4,
"0323,13:21",4630,0.1625,0.63,2.07,30.2,4,0.28,1.15,37.3,
"0323,13:21",4640,0.146,0.56,2.07,27.2,4,0.28,0.99,37.2,
"0323,13:21",4650,0.1285,0.49,2.07,23.5,4,0.24,0.79,37.2,
"0323,13:21",4660,0.1305,0.54,2.07,26.2,4,0.28,1.03,37.1,
"0323,13:21",4670,0.1327,0.57,2.07,27.5,4,0.28,1.22,37.1,
"0323,13:21",4680,0.1616,0.38,2.07,18.2,4,0.25,1.18,37.0,
"0323,13:21",4690,0.155,0.42,2.07,20.2,4,0.25,0.88,37.0,
"0323,13:21",4700,0.1464,0.32,2.12,15.2,4,0.25,0.52,36.8,
"0323,13:21",4710,0.1225,0.55,2.12,26.1,4,0.24,1.01,36.7,
"0323,13:21",4720,0.1598,0.69,2.12,32.6,4,0.28,0.53,36.7,
"0323,13:21",4730,0.1449,0.3,2.12,13.9,4,0.25,1.2,36.7,
"0323,13:21",4740,0.1409,0.3,2.12,13.9,4,0.25,1.2,36.6,
"0323,13:21",4750,0.129,0.37,2.12,17.6,4,0.26,1.19,36.6,
"0323,13:21",4760,0.1534,0.48,2.12,22.5,4,0.29,0.85,36.5,
"0323,13:21",4770,0.1168,0.58,2.12,27.5,4,0.28,0.92,36.5,
"0323,13:21",4780,0.1437,0.56,2.12,26.4,4,0.29,1.23,36.4,
"0323,13:21",4790,0.139,0.47,2.12,22.4,4,0.25,1.23,36.4,
"0323,13:21",4800,0.1382,0.57,2.17,26.4,4,0.28,0.37,36.2,
"0323,13:21",4810,0.1559,0.21,2.17,9.6,4,0.25,1.22,36.1,
"0323,13:21",4820,0.1393,0.66,2.17,30.2,4,0.29,1.22,36.1,
"0323,13:21",4830,0.1528,0.19,2.17,8.6,4,0.25,1.22,36.0,
"0323,13:21",4840,0.1342,0.34,2.17,15.5,4,0.25,1.22,36.0,
"0323,13:21",4850,0.1269,0.52,2.17,24.1,4,0.28,1.22,36.0,
"0323,13:21",4860,0.1362,0.37,2.17,17.1,4,0.26,1.22,35.9,
"0323,13:21",4870,0.1574,0.3,2.17,13.7,4,0.25,1.22,35.9,
"0323,13:21",4880,0.133,0.49,2.17,22.8,4,0.25,1.22,35.8,
"0323,13:21",4890,0.1455,0.2,2.17,9.1,4,0.27,1.22,35.8,
"0323,13:21",4900,0.1395,0.26,2.23,11.5,4,0.25,0.48,35.7,
"0323,13:21",4910,0.1442,0.73,2.23,32.7,4,0.28,1.27,35.6,
"0323,13:21",4920,0.1604,0.64,2.23,28.8,4,0.26,0.52,35.6,
"0323,13:21",4930,0.1377,0.67,2.23,29.9,4,0.29,0.6,35.5,
"0323,13:21",4940,0.1542,0.28,2.23,12.6,4,0.28,0.71,35.5,
"0323,13:21",4950,0.1405,0.36,2.23,16.0,4,0.25,1.22,35.4,
"0323,13:21",4960,0.1358,0.31,2.23,14.0,4,0.25,0.65,35.4,
"0323,13:21",4970,0.1363,0.55,2.23,24.8,4,0.24,1.23,35.3,
"0323,13:21",4980,0.1471,0.45,2.23,20.2,4,0.24,1.14,35.3,
"0323,13:21",4990,0.1399,0.36,2.23,15.9,4,0.26,1.15,35.3,
"0323,13:21",5000,0.1471,0.62,2.28,27.1,4,0.3,0.54,35.1,
"0323,13:21",5010,0.1458,0.26,2.28,11.4,4,0.25,1.09,35.0,
"0323,13:21",5020,0.1481,0.59,2.28,25.9,4,0.26,0.51,35.0,
"0323,13:21",5030,0.1468,0.75,2.28,32.8,4,0.29,1.05,34.9,
"0323,13:21",5040,0.1381,0.51,2.28,22.3,4,0.25,1.1,34.9,
"0323,13:21",5050,0.1449,0.57,2.28,24.9,4,0.24,1.19,34.9,
"0323,13:21",5060,0.1359,0.21,2.28,9.1,4,0.28,1.2,34.8,
"0323,13:21",5070,0.1434,0.74,2.28,32.4,4,0.26,1.2,34.8,
"0323,13:21",5080,0.1241,0.55,2.28,24.3,4,0.24,1.2,34.8,
"0323,13:21",5090,0.1266,0.57,2.28,25.1,4,0.25,1.02,34.7,
"0323,13:21",5100,0.1548,0.5,2.33,21.4,4,0.24,0.52,34.5,
"0323,13:21",5110,0.1377,0.21,2.33,9.2,4,0.28,0.9,34.4,
"0323,13:21",5120,0.1455,0.28,2.33,11.9,4,0.25,1.22,34.4,
"0323,13:21",5130,0.1398,0.65,2.33,27.8,4,0.25,0.64,34.4,
"0323,13:21",5140,0.1524,0.68,2.33,29.2,4,0.29,1.07,34.3,
"0323,13:21",5150,0.1577,0.71,2.33,30.4,4,0.28,1.12,34.3,
"0323,13:21",5160,0.1387,0.32,2.33,13.9,4,0.28,1.12,34.2,
"0323,13:21",5170,0.1603,0.53,2.33,22.9,4,0.25,1.12,34.2,
"0323,13:21",5180,0.1393,0.71,2.33,30.3,4,0.29,1.12,34.2,
"0323,13:21",5190,0.1536,0.6,2.33,25.5,4,0.25,1.11,34.1,
"0323,13:21",5200,0.1338,0.62,2.38,26.1,4,0.25,0.59,34.0,
"0323,13:21",5210,0.1407,0.56,2.38,23.4,4,0.24,0.95,33.9,
"0323,13:21",5220,0.145,0.51,2.38,21.4,4,0.25,0.8,33.9,
"0323,13:21",5230,0.131,0.57,2.38,24.1,4,0.24,1.09,33.8,
"0323,13:21",5240,0.1641,0.59,2.38,24.6,4,0.26,1.1,33.8,
"0323,13:21",5250,0.1224,0.76,2.38,32.0,4,0.29,1.1,33.8,
"0323,13:21",5260,0.1391,0.48,2.38,20.2,4,0.3,1.1,33.8,
"0323,13:21",5270,0.1376,0.27,2.38,11.5,4,0.25,1.1,33.7,
"0323,13:21",5280,0.154,0.61,2.38,25.7,4,0.25,1.1,33.7,
"0323,13:21",5290,0.154,0.72,2.38,30.4,4,0.28,1.1,33.7,
"0323,13:21",5300,0.1451,0.59,2.44,24.2,4,0.26,0.45,33.5,
"0323,13:21",5310,0.1165,0.65,2.44,26.5,4,0.29,1.02,33.5,
"0323,13:21",5320,0.1541,0.34,2.44,13.9,4,0.29,0.99,33.4,
"0323,13:21",5330,0.1489,0.69,2.44,28.3,4,0.25,1.23,33.4,
"0323,13:21",5340,0.1488,0.36,2.44,14.8,4,0.26,1.04,33.3,
"0323,13:21",5350,0.1667,0.79,2.44,32.4,4,0.28,1.26,33.3,
"0323,13:21",5360,0.151,0.55,2.44,22.4,4,0.26,1.06,33.3,
"0323,13:21",5370,0.118,0.74,2.44,30.5,4,0.25,1.19,33.2,
"0323,13:21",5380,0.1385,0.38,2.44,15.5,4,0.26,0.81,33.2,
"0323,13:21",5390,0.129,0.43,2.44,17.6,4,0.3,1.02,33.2,
"0323,13:21",5400,0.1514,0.27,2.48,10.9,4,0.29,0.53,33.0,
"0323,13:21",5410,0.1577,0.22,2.48,8.8,4,0.26,0.68,33.0,
"0323,13:21",5420,0.1382,0.3,2.48,11.9,4,0.25,1.22,32.9,
"0323,13:21",5430,0.1517,0.23,2.48,9.3,4,0.27,1.2,32.9,
"0323,13:21",5440,0.1247,0.65,2.48,26.2,4,0.24,0.88,32.9,
"0323,13:21",5450,0.1384,0.27,2.48,10.7,4,0.26,1.22,32.8,
"0323,13:21",5460,0.1422,0.3,2.48,11.9,4,0.25,1.18,32.8,
"0323,13:21",5470,0.1417,0.47,2.48,18.9,4,0.26,1.06,32.8,
"0323,13:21",5480,0.137,0.28,2.48,11.3,4,0.28,1.06,32.7,
"0323,13:21",5490,0.1486,0.24,2.48,9.5,4,0.28,1.17,32.7,
"0323,13:21",5500,0.1383,0.34,2.54,13.6,4,0.3,0.6,32.6,
"0323,13:21",5510,0.1402,0.82,2.54,32.3,4,0.26,1.21,32.5,
"0323,13:21",5520,0.1491,0.7,2.54,27.6,4,0.26,1.08,32.5,
"0323,13:21",5530,0.1558,0.4,2.54,15.6,4,0.26,0.94,32.5,
"0323,13:21",5540,0.1357,0.59,2.54,23.3,4,0.24,0.5,32.4,
"0323,13:21",5550,0.1319,0.83,2.54,32.6,4,0.26,0.52,32.4,
"0323,13:21",5560,0.1225,0.67,2.54,26.5,4,0.25,1.21,32.3,
"0323,13:21",5570,0.144,0.78,2.54,30.6,4,0.3,0.68,32.3,
"0323,13:21",5580,0.1598,0.26,2.54,10.2,4,0.26,0.94,32.3,
"0323,13:21",5590,0.1226,0.39,2.54,15.2,4,0.26,1.25,32.2,
"0323,13:21",5600,0.129,0.67,2.58,26.1,4,0.25,0.45,32.1,
"0323,13:21",5610,0.1358,0.32,2.58,12.3,4,0.26,1.05,32.0,
"0323,13:21",5620,0.1355,0.63,2.58,24.3,4,0.25,1.25,32.0,
"0323,13:21",5630,0.13,0.46,2.58,17.7,4,0.3,1.21,32.0,
"0323,13:21",5640,0.1414,0.26,2.58,9.9,4,0.27,1.21,32.0,
"0323,13:21",5650,0.1286,0.8,2.58,30.9,4,0.25,1.21,31.9,
"0323,13:21",5660,0.1328,0.66,2.58,25.5,4,0.25,0.95,31.9,
"0323,13:21",5670,0.1436,0.64,2.58,24.8,4,0.26,1.18,31.9,
"0323,13:21",5680,0.126,0.78,2.58,30.1,4,0.29,0.54,31.8,
"0323,13:21",5690,0.1418,0.26,2.58,9.9,4,0.25,0.86,31.8,
"0323,13:22",5700,0.121,0.61,2.63,23.1,4,0.24,0.41,31.6,
"0323,13:22",5710,0.1463,0.45,2.63,17.2,4,0.26,1.18,31.6,
"0323,13:22",5720,0.1384,0.84,2.63,31.8,4,0.26,1.18,31.6,
"0323,13:22",5730,0.1439,0.61,2.63,23.3,4,0.24,1.18,31.6,
"0323,13:22",5740,0.1503,0.42,2.63,16.0,4,0.27,0.71,31.5,
"0323,13:22",5750,0.1337,0.38,2.63,14.4,4,0.27,1.21,31.5,
"0323,13:22",5760,0.1378,0.45,2.63,17.0,4,0.3,1.08,31.5,
"0323,13:22",5770,0.1269,0.72,2.63,27.5,4,0.26,0.73,31.4,
"0323,13:22",5780,0.1357,0.82,2.63,31.2,4,0.26,0.55,31.4,
"0323,13:22",5790,0.1364,0.47,2.63,18.0,4,0.26,1.17,31.4,
"0323,13:22",5800,0.1128,0.72,2.68,26.7,4,0.25,0.5,31.2,
"0323,13:22",5810,0.1344,0.69,2.68,25.6,4,0.25,0.99,31.2,
"0323,13:22",5820,0.1306,0.85,2.68,31.9,4,0.26,1.19,31.2,
"0323,13:22",5830,0.1423,0.74,2.68,27.5,4,0.24,1.19,31.1,
"0323,13:22",5840,0.1214,0.75,2.68,28.1,4,0.26,0.52,31.1,
"0323,13:22",5850,0.1181,0.39,2.68,14.4,4,0.26,1.07,31.1,
"0323,13:22",5860,0.1544,0.82,2.68,30.8,4,0.28,0.93,31.1,
"0323,13:22",5870,0.1292,0.86,2.68,32.1,4,0.29,0.52,31.0,
"0323,13:22",5880,0.1592,0.46,2.68,17.2,4,0.24,0.89,31.0,
"0323,13:22",5890,0.1303,0.65,2.68,24.3,4,0.25,0.64,30.9,
"0323,13:22",5900,0.1354,0.73,2.73,26.7,4,0.25,0.57,30.8,
"0323,13:22",5910,0.1331,0.65,2.73,23.7,4,0.24,1.09,30.8,
"0323,13:22",5920,0.1317,0.9,2.73,33.0,4,0.29,1.01,30.8,
"0323,13:22",5930,0.135,0.76,2.73,27.8,4,0.28,1.12,30.7,
"0323,13:22",5940,0.1628,0.89,2.73,32.8,4,0.29,1.13,30.7,
"0323,13:22",5950,0.1351,0.7,2.73,25.8,4,0.25,1.0,30.7,
"0323,13:22",5960,0.1505,0.85,2.73,31.3,4,0.29,1.02,30.6,
"0323,13:22",5970,0.1337,0.34,2.73,12.6,4,0.27,1.07,30.6,
"0323,13:22",5980,0.131,0.65,2.73,23.7,4,0.24,0.88,30.6,
"0323,13:22",5990,0.1363,0.71,2.73,26.2,4,0.25,1.04,30.5,
"0323,13:22",6000,0.1376,0.43,2.77,15.4,4,0.26,0.52,30.4,
"0323,13:22",6010,0.3355,0.42,2.77,15.2,4,0.26,1.14,30.4,
"0323,13:22",6020,0.2864,0.62,2.77,22.4,4,0.27,1.18,30.4,
"0323,13:22",6030,0.2267,0.27,2.77,9.6,4,0.28,1.26,30.3,
"0323,13:22",6040,0.2178,0.39,2.77,14.1,4,0.28,0.99,30.3,
"0323,13:22",6050,0.2003,0.45,2.77,16.2,4,0.26,1.18,30.3,
"0323,13:22",6060,0.2036,0.36,2.77,12.9,4,0.28,1.0,30.2,
"0323,13:22",6070,0.213,0.4,2.77,14.3,4,0.26,0.83,30.2,
"0323,13:22",6080,0.1904,0.7,2.77,25.3,4,0.26,1.07,30.2,
"0323,13:22",6090,0.1649,0.67,2.77,24.3,4,0.24,0.94,30.2,
"0323,13:22",6100,0.1789,0.87,2.69,32.4,4,0.29,0.52,30.0,
"0323,13:22",6110,0.192,0.88,2.69,32.7,4,0.28,0.54,30.0,
"0323,13:22",6120,0.179,0.49,2.69,18.3,4,0.26,0.79,30.0,
"0323,13:22",6130,0.1693,0.32,2.69,11.9,4,0.29,1.13,29.9,
"0323,13:22",6140,0.1708,0.41,2.69,15.1,4,0.26,0.81,29.9,
"0323,13:22",6150,0.1525,0.54,2.69,20.0,4,0.27,0.92,29.9,
"0323,13:22",6160,0.1394,0.39,2.69,14.6,4,0.26,1.11,29.9,
"0323,13:22",6170,0.2107,0.71,2.69,26.4,4,0.26,1.12,29.8,
"0323,13:22",6180,0.1577,0.9,2.69,33.4,4,0.28,1.18,29.8,
"0323,13:22",6190,0.1338,0.36,2.69,13.5,4,0.26,1.21,29.8,
"0323,13:22",6200,0.1299,0.3,2.65,11.4,4,0.26,0.67,29.7,
"0323,13:22",6210,0.1399,0.66,2.65,24.7,4,0.28,0.74,29.6,
"0323,13:22",6220,0.1627,0.79,2.65,30.0,4,0.29,0.52,29.6,
"0323,13:22",6230,0.1506,0.8,2.65,30.2,4,0.26,0.6,29.6,
"0323,13:22",6240,0.1393,0.65,2.65,24.5,4,0.24,1.02,29.6,
"0323,13:22",6250,0.1421,0.5,2.65,19.0,4,0.29,1.02,29.6,
"0323,13:22",6260,0.1224,0.44,2.65,16.5,4,0.26,1.22,29.5,
"0323,13:22",6270,0.1245,0.27,2.65,10.0,4,0.29,1.22,29.5,
"0323,13:22",6280,0.1374,0.38,2.65,14.3,4,0.26,0.94,29.5,
"0323,13:22",6290,0.1226,0.69,2.65,26.1,4,0.24,1.14,29.5,
"0323,13:22",6300,0.1351,0.7,2.64,26.6,4,0.26,0.58,29.4,
"0323,13:22",6310,0.1365,0.68,2.64,25.9,4,0.25,1.04,29.4,
"0323,13:22",6320,0.1352,0.57,2.64,21.5,4,0.24,0.45,29.3,
"0323,13:22",6330,0.1523,0.19,2.64,7.1,4,0.24,1.15,29.3,
"0323,13:22",6340,0.1232,0.7,2.64,26.6,4,0.25,0.95,29.3,
"0323,13:22",6350,0.1472,0.23,2.64,8.8,4,0.25,1.1,29.3,
"0323,13:22",6360,0.1529,0.22,2.64,8.4,4,0.28,0.74,29.2,
"0323,13:22",6370,0.1344,0.44,2.64,16.6,4,0.26,1.15,29.2,
"0323,13:22",6380,0.1202,0.37,2.64,14.0,4,0.25,1.15,29.2,
"0323,13:22",6390,0.1401,0.18,2.64,6.9,4,0.24,1.15,29.2,
"0323,13:22",6400,0.1283,0.82,2.64,31.1,4,0.28,0.7,29.1,
"0323,13:22",6410,0.1317,0.57,2.64,21.5,4,0.22,0.58,29.1,
"0323,13:22",6420,0.1437,0.68,2.64,25.9,4,0.24,0.57,29.0,
"0323,13:22",6430,0.1475,0.43,2.64,16.3,4,0.25,1.19,29.0,
"0323,13:22",6440,0.1209,0.61,2.64,23.2,4,0.24,1.15,29.0,
"0323,13:22",6450,0.1341,0.71,2.64,27.1,4,0.25,0.56,29.0,
"0323,13:22",6460,0.1254,0.78,2.64,29.4,4,0.25,1.01,29.0,
"0323,13:22",6470,0.1328,0.8,2.64,30.1,4,0.26,0.66,28.9,
"0323,13:22",6480,0.1173,0.65,2.64,24.6,4,0.28,1.23,28.9,
"0323,13:22",6490,0.1224,0.68,2.64,25.6,4,0.25,1.24,28.9,
"0323,13:22",6500,0.1219,0.59,2.65,22.1,4,0.26,0.52,28.8,
"0323,13:22",6510,0.133,0.69,2.65,26.2,4,0.26,1.18,28.8,
"0323,13:22",6520,0.1248,0.51,2.65,19.2,4,0.25,1.04,28.7,
"0323,13:22",6530,0.1414,0.68,2.65,25.7,4,0.27,1.21,28.7,
"0323,13:22",6540,0.1303,0.69,2.65,25.8,4,0.28,1.21,28.7,
"0323,13:22",6550,0.142,0.42,2.65,15.7,4,0.26,0.75,28.7,
"0323,13:22",6560,0.1412,0.8,2.65,30.0,4,0.25,0.58,28.7,
"0323,13:22",6570,0.1331,0.24,2.65,9.1,4,0.28,1.11,28.7,
"0323,13:22",6580,0.1235,0.35,2.65,13.2,4,0.25,0.67,28.6,
"0323,13:22",6590,0.1255,0.56,2.65,21.0,4,0.28,0.94,28.6,
"0323,13:22",6600,0.1132,0.62,2.67,23.1,4,0.24,0.42,28.5,
"0323,13:22",6610,0.1404,0.82,2.67,30.6,4,0.28,0.57,28.5,
"0323,13:22",6620,0.1271,0.47,2.67,17.8,4,0.26,0.78,28.5,
"0323,13:22",6630,0.1434,0.33,2.67,12.5,4,0.29,1.04,28.5,
"0323,13:22",6640,0.1421,0.44,2.67,16.5,4,0.25,1.02,28.4,
"0323,13:22",6650,0.1327,0.3,2.67,11.4,4,0.27,0.94,28.4,
"0323,13:22",6660,0.1188,0.78,2.67,29.4,4,0.29,1.25,28.4,
"0323,13:22",6670,0.1397,0.82,2.67,30.8,4,0.28,0.74,28.4,
"0323,13:22",6680,0.1135,0.36,2.67,13.5,4,0.26,1.16,28.4,
"0323,13:22",6690,0.1275,0.22,2.67,8.4,4,0.28,1.24,28.4,
"0323,13:22",6700,0.1248,0.27,2.69,9.9,4,0.25,0.39,28.3,
"0323,13:22",6710,0.1618,0.75,2.69,27.8,4,0.27,0.6,28.2,
"0323,13:22",6720,0.137,0.55,2.69,20.6,4,0.24,1.23,28.2,
"0323,13:22",6730,0.1213,0.3,2.69,11.2,4,0.26,1.24,28.2,
"0323,13:22",6740,0.1322,0.35,2.69,13.0,4,0.26,1.2,28.2,
"0323,13:22",6750,0.1403,0.53,2.69,19.6,4,0.29,0.89,28.2,
"0323,13:23",6760,0.1485,0.62,2.69,23.1,4,0.26,1.23,28.2,
"0323,13:23",6770,0.1208,0.38,2.69,14.3,4,0.25,1.23,28.2,
"0323,13:23",6780,0.1278,0.28,2.69,10.6,4,0.25,0.79,28.1,
"0323,13:23",6790,0.1326,0.24,2.69,8.9,4,0.26,1.21,28.1,
"0323,13:23",6800,0.1298,0.79,2.73,29.1,4,0.26,0.62,28.0,
"0323,13:23",6810,0.1228,0.59,2.73,21.7,4,0.24,1.03,28.0,
"0323,13:23",6820,0.1157,0.56,2.73,20.5,4,0.24,1.13,28.0,
"0323,13:23",6830,0.116,0.63,2.73,23.1,4,0.25,1.11,28.0,
"0323,13:23",6840,0.1325,0.65,2.73,23.7,4,0.26,1.26,28.0,
"0323,13:23",6850,0.1181,0.38,2.73,14.1,4,0.26,1.12,27.9,
"0323,13:23",6860,0.1255,0.43,2.73,15.9,4,0.29,1.23,27.9,
"0323,13:23",6870,0.1206,0.66,2.73,24.1,4,0.24,1.22,27.9,
"0323,13:23",6880,0.1316,0.67,2.73,24.7,4,0.28,1.14,27.9,
"0323,13:23",6890,0.1572,0.32,2.73,11.7,4,0.29,1.18,27.9,
"0323,13:23",6900,0.1362,0.36,2.76,13.0,4,0.26,0.54,27.8,
"0323,13:23",6910,0.1466,0.22,2.76,8.1,4,0.25,1.24,27.7,
"0323,13:23",6920,0.1316,0.44,2.76,16.0,4,0.26,1.24,27.7,
"0323,13:23",6930,0.1187,0.62,2.76,22.4,4,0.24,1.04,27.7,
"0323,13:23",6940,0.1112,0.4,2.76,14.4,4,0.26,0.83,27.7,
"0323,13:23",6950,0.1009,0.75,2.76,27.2,4,0.24,0.68,27.7,
"0323,13:23",6960,0.1161,0.36,2.76,13.1,4,0.26,1.12,27.7,
"0323,13:23",6970,0.1151,0.32,2.76,11.5,4,0.26,1.1,27.7,
"0323,13:23",6980,0.1204,0.68,2.76,24.8,4,0.28,1.18,27.6,
"0323,13:23",6990,0.1291,0.28,2.76,10.3,4,0.26,1.08,27.6,
"0323,13:23",7000,0.1141,0.7,2.8,25.2,4,0.24,0.58,27.5,
"0323,13:23",7010,0.1401,0.74,2.8,26.6,4,0.26,1.17,26.2,
"0323,13:23",7020,0.134,0.85,2.8,30.4,4,0.26,0.59,26.2,
"0323,13:23",7030,0.1379,0.39,2.8,13.8,4,0.27,1.13,26.2,
"0323,13:23",7040,0.1283,0.84,2.8,29.9,4,0.25,0.43,26.1,
"0323,13:23",7050,0.1135,0.77,2.8,27.5,4,0.26,0.75,26.1,
"0323,13:23",7060,0.1237,0.91,2.8,32.4,4,0.29,1.03,26.1,
"0323,13:23",7070,0.1247,0.4,2.8,14.2,4,0.26,1.01,26.1,
"0323,13:23",7080,0.1629,0.49,2.8,17.4,4,0.24,1.22,26.1,
"0323,13:23",7090,0.123,0.36,2.8,12.9,4,0.26,1.17,26.1,
"0323,13:23",7100,0.1185,0.77,2.83,27.1,4,0.3,0.76,26.0,
"0323,13:23",7110,0.1198,0.68,2.83,24.0,4,0.28,0.54,26.0,
"0323,13:23",7120,0.1227,0.33,2.83,11.8,4,0.26,1.12,26.0,
"0323,13:23",7130,0.1214,0.7,2.83,24.7,4,0.25,0.51,26.0,
"0323,13:23",7140,0.1414,0.23,2.83,8.2,4,0.27,0.86,25.9,
"0323,13:23",7150,0.1265,0.75,2.83,26.6,4,0.25,0.53,25.9,
"0323,13:23",7160,0.1425,0.57,2.83,20.2,4,0.29,1.23,25.9,
"0323,13:23",7170,0.1239,0.51,2.83,18.1,4,0.26,0.8,25.9,
"0323,13:23",7180,0.1353,0.88,2.83,31.2,4,0.28,1.1,25.9,
"0323,13:23",7190,0.1323,0.46,2.83,16.3,4,0.27,1.22,25.9,
"0323,13:23",7200,0.1068,0.62,2.87,21.7,4,0.24,0.53,25.8,
"0323,13:23",7210,0.1476,0.22,2.87,7.7,4,0.24,0.73,25.8,
"0323,13:23",7220,0.1371,0.73,2.87,25.5,4,0.25,1.17,25.8,
"0323,13:23",7230,0.1557,0.7,2.87,24.3,4,0.26,1.03,25.8,
"0323,13:23",7240,0.1173,0.67,2.87,23.4,4,0.25,1.2,25.8,
"0323,13:23",7250,0.1107,0.75,2.87,26.2,4,0.28,1.02,25.7,
"0323,13:23",7260,0.1124,0.74,2.87,25.7,4,0.24,1.14,25.7,
"0323,13:23",7270,0.1333,0.78,2.87,27.2,4,0.3,1.16,25.7,
"0323,13:23",7280,0.1212,0.88,2.87,30.7,4,0.28,1.13,25.7,
"0323,13:23",7290,0.1234,0.32,2.87,11.2,4,0.29,0.77,25.7,
"0323,13:23",7300,0.1173,0.52,2.91,17.9,4,0.26,0.56,25.6,
"0323,13:23",7310,0.1277,0.28,2.91,9.6,4,0.26,1.24,25.6,
"0323,13:23",7320,0.143,0.71,2.91,24.3,4,0.26,1.08,25.6,
"0323,13:23",7330,0.1198,0.49,2.91,17.0,4,0.27,1.18,25.6,
"0323,13:23",7340,0.1417,0.73,2.91,25.1,4,0.25,1.03,25.5,
"0323,13:23",7350,0.1225,0.33,2.91,11.2,4,0.27,0.72,25.5,
"0323,13:23",7360,0.1373,0.26,2.91,8.8,4,0.26,1.16,25.5,
"0323,13:23",7370,0.1287,0.27,2.91,9.2,4,0.28,0.77,25.5,
"0323,13:23",7380,0.1343,0.24,2.91,8.3,4,0.25,0.89,25.5,
"0323,13:23",7390,0.1341,0.64,2.91,22.1,4,0.24,0.57,25.5,
"0323,13:23",7400,0.121,0.7,2.95,23.8,4,0.28,0.54,25.4,
"0323,13:23",7410,0.1243,0.44,2.95,14.9,4,0.27,1.0,25.4,
"0323,13:23",7420,0.1118,0.8,2.95,27.2,4,0.3,1.16,25.4,
"0323,13:23",7430,0.144,0.73,2.95,24.7,4,0.27,1.12,25.4,
"0323,13:23",7440,0.1354,0.27,2.95,9.0,4,0.26,1.18,25.4,
"0323,13:23",7450,0.1224,0.69,2.95,23.2,4,0.25,0.89,25.4,
"0323,13:23",7460,0.1116,0.34,2.95,11.6,4,0.26,0.66,25.3,
"0323,13:23",7470,0.0961,0.64,2.95,21.8,4,0.27,1.1,25.3,
"0323,13:23",7480,0.1371,0.81,2.95,27.3,4,0.3,1.05,25.3,
"0323,13:23",7490,0.1398,0.91,2.95,30.7,4,0.28,1.05,25.3,
"0323,13:23",7500,0.1251,0.92,3.0,30.6,5,0.27,0.62,25.2,
"0323,13:23",7510,0.12,0.94,3.0,31.4,5,0.27,0.78,25.2,
"0323,13:23",7520,0.1356,0.94,3.0,31.4,5,0.27,1.15,25.2,
"0323,13:23",7530,0.1312,0.95,3.0,31.7,5,0.28,0.66,25.2,
"0323,13:23",7540,0.1248,0.45,3.0,14.9,5,0.27,0.79,25.1,
"0323,13:24",7550,0.1309,0.67,3.0,22.2,5,0.29,1.19,25.1,
"0323,13:24",7560,0.123,0.34,3.0,11.2,5,0.26,1.13,25.1,
"0323,13:24",7570,0.1345,0.51,3.0,16.9,5,0.28,0.96,25.1,
"0323,13:24",7580,0.1193,0.86,3.0,28.7,5,0.28,1.2,25.1,
"0323,13:24",7590,0.1116,0.89,3.0,29.6,5,0.3,0.47,25.1,
"0323,13:24",7600,0.1054,0.77,3.04,25.4,5,0.25,0.54,25.0,
"0323,13:24",7610,0.1255,0.45,3.04,14.7,5,0.29,1.1,25.0,
"0323,13:24",7620,0.1387,0.6,3.04,19.6,5,0.29,0.97,25.0,
"0323,13:24",7630,0.1034,0.67,3.04,21.9,5,0.28,1.15,25.0,
"0323,13:24",7640,0.1308,0.42,3.04,13.8,5,0.3,0.81,24.9,
"0323,13:24",7650,0.1333,0.71,3.04,23.3,5,0.28,1.03,24.9,
"0323,13:24",7660,0.1081,0.81,3.04,26.7,5,0.25,1.13,24.9,
"0323,13:24",7670,0.1239,0.96,3.04,31.4,5,0.26,0.69,24.9,
"0323,13:24",7680,0.1197,0.95,3.04,31.3,5,0.28,0.79,24.9,
"0323,13:24",7690,0.1201,0.8,3.04,26.2,5,0.29,0.96,24.9,
"0323,13:24",7700,0.1091,0.95,3.08,30.9,5,0.3,0.55,24.8,
"0323,13:24",7710,0.1436,0.95,3.08,30.9,5,0.28,1.07,24.8,
"0323,13:24",7720,0.123,0.44,3.08,14.2,5,0.28,1.17,24.8,
"0323,13:24",7730,0.1131,1.01,3.08,32.7,5,0.27,0.54,24.8,
"0323,13:24",7740,0.1169,0.34,3.08,10.9,5,0.32,0.88,24.8,
"0323,13:24",7750,0.1015,0.8,3.08,26.1,5,0.25,0.98,24.7,
"0323,13:24",7760,0.1394,0.29,3.08,9.4,5,0.26,0.82,24.7,
"0323,13:24",7770,0.1192,0.54,3.08,17.4,5,0.28,0.95,24.7,
"0323,13:24",7780,0.1134,0.36,3.08,11.8,5,0.27,0.77,24.7,
"0323,13:24",7790,0.1034,1.02,3.08,33.1,5,0.34,1.12,24.7,
"0323,13:24",7800,0.1082,0.72,3.12,23.0,5,0.28,0.53,24.6,
"0323,13:24",7810,0.1243,0.98,3.12,31.5,5,0.27,1.1,24.6,
"0323,13:24",7820,0.1439,0.78,3.12,25.2,5,0.33,1.22,24.6,
"0323,13:24",7830,0.1252,0.46,3.12,14.9,5,0.29,0.94,24.6,
"0323,13:24",7840,0.1375,0.44,3.12,14.1,5,0.3,1.11,24.6,
"0323,13:24",7850,0.1215,0.67,3.12,21.5,5,0.29,0.96,24.6,
"0323,13:24",7860,0.1348,0.32,3.12,10.2,5,0.27,1.27,24.5,
"0323,13:24",7870,0.1191,0.81,3.12,25.9,5,0.25,0.48,24.5,
"0323,13:24",7880,0.1237,0.97,3.12,31.1,5,0.3,0.61,24.5,
"0323,13:24",7890,0.1153,1.03,3.12,33.0,5,0.29,0.58,24.5,
"0323,13:24",7900,0.1169,0.48,3.16,15.1,5,0.29,0.65,24.4,
"0323,13:24",7910,0.1269,0.89,3.16,28.2,5,0.32,1.24,24.4,
"0323,13:24",7920,0.127,0.41,3.16,12.9,5,0.28,1.24,24.4,
"0323,13:24",7930,0.105,0.38,3.16,12.0,5,0.32,1.24,24.4,
"0323,13:24",7940,0.1256,0.39,3.16,12.2,5,0.32,1.15,24.4,
"0323,13:24",7950,0.1082,0.99,3.16,31.3,5,0.3,0.52,24.4,
"0323,13:24",7960,0.1039,0.83,3.16,26.4,5,0.33,1.02,24.4,
"0323,13:24",7970,0.111,0.8,3.16,25.3,5,0.28,0.96,24.4,
"0323,13:24",7980,0.101,0.79,3.16,24.9,5,0.28,1.25,24.3,
"0323,13:24",7990,0.1236,0.44,3.16,13.9,5,0.27,0.94,24.3,
"0323,13:24",8000,0.0999,0.99,3.22,30.9,5,0.26,0.59,24.3,
"0323,13:24",8010,0.1405,1.04,3.22,32.4,5,0.29,0.62,24.3,
"0323,13:24",8020,0.1336,0.85,3.22,26.4,5,0.29,0.98,24.2,
"0323,13:24",8030,0.1183,0.41,3.22,12.8,5,0.28,0.79,24.2,
"0323,13:24",8040,0.1096,0.77,3.22,23.9,5,0.25,1.15,24.2,
"0323,13:24",8050,0.1283,0.89,3.22,27.7,5,0.3,1.18,24.2,
"0323,13:24",8060,0.1245,1.05,3.22,32.5,5,0.33,1.14,24.2,
"0323,13:24",8070,0.1221,1.01,3.22,31.4,5,0.27,0.45,24.2,
"0323,13:24",8080,0.124,0.51,3.22,15.8,5,0.29,0.81,24.2,
"0323,13:24",8090,0.107,0.76,3.22,23.7,5,0.29,1.19,24.1,
"0323,13:24",8100,0.1042,0.75,3.26,23.1,5,0.28,0.45,24.1,
"0323,13:24",8110,0.1233,0.46,3.26,14.2,5,0.28,0.88,24.1,
"0323,13:24",8120,0.1209,0.46,3.26,14.2,5,0.28,1.22,24.0,
"0323,13:24",8130,0.1251,0.37,3.26,11.4,5,0.32,1.09,24.0,
"0323,13:24",8140,0.1137,0.51,3.26,15.7,5,0.27,1.01,24.0,
"0323,13:24",8150,0.1174,0.52,3.26,15.9,5,0.29,0.97,24.0,
"0323,13:24",8160,0.1105,1.05,3.26,32.2,5,0.26,1.21,24.0,
"0323,13:24",8170,0.1206,0.44,3.26,13.4,5,0.32,1.16,24.0,
"0323,13:24",8180,0.104,0.5,3.26,15.4,5,0.28,0.86,24.0,
"0323,13:24",8190,0.1241,0.47,3.26,14.3,5,0.3,1.19,24.0,
"0323,13:24",8200,0.1083,0.82,3.3,24.9,7,0.26,0.58,23.9,
"0323,13:24",8210,0.1209,1.04,3.3,31.5,7,0.28,0.56,23.8,
"0323,13:24",8220,0.1189,0.75,3.3,22.7,7,0.3,1.09,23.8,
"0323,13:24",8230,0.1242,0.6,3.3,18.3,7,0.29,0.8,23.8,
"0323,13:24",8240,0.1129,0.86,3.3,26.0,7,0.37,1.12,23.8,
"0323,13:24",8250,0.1077,0.41,3.3,12.4,7,0.34,1.12,23.8,
"0323,13:24",8260,0.1512,0.6,3.3,18.1,7,0.28,0.96,23.8,
"0323,13:24",8270,0.1317,1.08,3.3,32.6,7,0.37,1.19,23.8,
"0323,13:24",8280,0.1292,0.35,3.3,10.6,7,0.31,1.01,23.7,
"0323,13:24",8290,0.1057,0.9,3.3,27.4,7,0.27,0.59,23.7,
"0323,13:24",8300,0.1099,0.47,3.34,14.2,8,0.27,0.57,23.7,
"0323,13:24",8310,0.1273,0.94,3.34,28.0,8,0.38,1.06,23.6,
"0323,13:24",8320,0.1146,0.72,3.34,21.6,8,0.33,1.23,23.6,
"0323,13:24",8330,0.1284,1.14,3.34,34.3,8,0.38,1.12,23.6,
"0323,13:24",8340,0.1246,0.88,3.34,26.3,8,0.3,0.91,23.6,
"0323,13:24",8350,0.1179,0.6,3.34,18.1,8,0.3,1.09,23.6,
"0323,13:24",8360,0.1284,0.52,3.34,15.7,8,0.28,1.21,23.6,
"0323,13:24",8370,0.1197,0.85,3.34,25.3,8,0.34,0.58,23.6,
"0323,13:24",8380,0.1202,0.61,3.34,18.4,8,0.36,0.9,23.6,
"0323,13:24",8390,0.1154,1.05,3.34,31.6,8,0.35,1.12,23.6,
"0323,13:24",8400,0.1208,0.34,3.37,10.2,8,0.28,0.64,23.5,
"0323,13:24",8410,0.1288,0.9,3.37,26.8,8,0.3,1.17,23.5,
"0323,13:24",8420,0.1237,1.07,3.37,31.7,8,0.34,0.55,23.5,
"0323,13:24",8430,0.126,0.63,3.37,18.7,8,0.32,1.13,23.5,
"0323,13:25",8440,0.129,0.37,3.37,10.8,8,0.31,0.63,23.4,
"0323,13:25",8450,0.1177,1.1,3.37,32.5,8,0.36,1.3,23.4,
"0323,13:25",8460,0.1236,0.46,3.37,13.8,8,0.32,1.18,23.4,
"0323,13:25",8470,0.1295,0.51,3.37,15.2,8,0.3,1.26,23.4,
"0323,13:25",8480,0.1264,0.87,3.37,25.9,8,0.32,1.11,23.4,
"0323,13:25",8490,0.1208,0.9,3.37,26.7,8,0.3,1.29,23.4,
"0323,13:25",8500,0.1191,0.93,3.41,27.2,8,0.31,0.65,23.3,
"0323,13:25",8510,0.1308,0.37,3.41,10.9,8,0.31,1.31,23.3,
"0323,13:25",8520,0.1345,0.62,3.41,18.2,8,0.3,1.13,23.3,
"0323,13:25",8530,0.1283,0.5,3.41,14.5,8,0.28,1.13,23.3,
"0323,13:25",8540,0.1161,0.84,3.41,24.7,8,0.3,1.13,23.3,
"0323,13:25",8550,0.1072,0.74,3.41,21.8,8,0.3,1.13,23.3,
"0323,13:25",8560,0.1086,0.8,3.41,23.5,8,0.28,1.13,23.3,
"0323,13:25",8570,0.1345,0.75,3.41,21.8,8,0.37,1.13,23.3,
"0323,13:25",8580,0.1275,0.38,3.41,11.2,8,0.27,1.09,23.3,
"0323,13:25",8590,0.1212,0.44,3.41,12.8,8,0.36,0.9,23.2,
"0323,13:25",8600,0.1208,0.33,3.45,9.4,8,0.26,0.57,23.2,
"0323,13:25",8610,0.1118,0.93,3.45,26.8,8,0.3,1.23,23.2,
"0323,13:25",8620,0.1065,1.11,3.45,32.2,8,0.33,1.32,23.2,
"0323,13:25",8630,0.1062,0.93,3.45,27.0,8,0.32,1.21,23.1,
"0323,13:25",8640,0.1329,0.62,3.45,17.8,8,0.37,1.23,23.1,
"0323,13:25",8650,0.1139,1.08,3.45,31.2,8,0.33,1.23,23.1,
"0323,13:25",8660,0.1266,1.02,3.45,29.6,8,0.4,1.16,23.1,
"0323,13:25",8670,0.1282,0.63,3.45,18.3,8,0.32,1.08,23.1,
"0323,13:25",8680,0.0992,1.0,3.45,28.8,8,0.35,1.1,23.1,
"0323,13:25",8690,0.1152,0.96,3.45,27.8,8,0.37,1.09,23.1,
"0323,13:25",8700,0.1207,0.86,3.48,24.7,8,0.33,0.58,23.0,
"0323,13:25",8710,0.1278,0.68,3.48,19.6,8,0.34,0.93,23.0,
"0323,13:25",8720,0.1456,0.34,3.48,9.7,8,0.26,1.18,23.0,
"0323,13:25",8730,0.1181,0.53,3.48,15.2,8,0.27,1.1,23.0,
"0323,13:25",8740,0.1023,0.87,3.48,25.0,8,0.32,1.05,23.0,
"0323,13:25",8750,0.1351,0.9,3.48,25.8,8,0.34,1.14,23.0,
"0323,13:25",8760,0.1059,1.03,3.48,29.6,8,0.35,1.27,22.9,
"0323,13:25",8770,0.1221,0.57,3.48,16.2,8,0.29,0.82,22.9,
"0323,13:25",8780,0.0998,0.8,3.48,22.9,8,0.36,1.05,22.9,
"0323,13:25",8790,0.1307,1.15,3.48,33.0,8,0.37,1.05,22.9,
"0323,13:25",8800,0.1034,0.72,3.52,20.5,8,0.36,0.54,22.9,
"0323,13:25",8810,0.1061,0.93,3.52,26.4,8,0.3,1.16,22.8,
"0323,13:25",8820,0.1096,0.55,3.52,15.6,8,0.3,1.27,22.8,
"0323,13:25",8830,0.1324,0.56,3.52,15.9,8,0.28,1.17,22.8,
"0323,13:25",8840,0.1187,0.96,3.52,27.2,8,0.36,1.04,22.8,
"0323,13:25",8850,0.1194,0.92,3.52,26.0,8,0.29,1.21,22.8,
"0323,13:25",8860,0.1342,0.44,3.52,12.4,8,0.27,1.21,22.8,
"0323,13:25",8870,0.0946,0.94,3.52,26.8,8,0.3,1.21,22.8,
"0323,13:25",8880,0.1149,0.55,3.52,15.5,8,0.31,1.22,22.8,
"0323,13:25",8890,0.1348,1.2,3.52,34.2,8,0.39,1.22,22.8,
"0323,13:25",8900,0.1098,0.77,3.55,21.8,8,0.33,0.53,22.7,
"0323,13:25",8910,0.1177,0.68,3.55,19.0,8,0.32,1.24,22.7,
"0323,13:25",8920,0.1206,0.43,3.55,12.0,8,0.31,1.12,22.7,
"0323,13:25",8930,0.1221,0.49,3.55,13.7,8,0.31,1.24,22.7,
"0323,13:25",8940,0.1135,0.96,3.55,27.1,8,0.3,1.19,22.7,
"0323,13:25",8950,0.1076,1.13,3.55,31.9,8,0.35,1.23,22.6,
"0323,13:25",8960,0.1025,0.78,3.55,21.9,8,0.33,1.23,22.6,
"0323,13:25",8970,0.1181,1.21,3.55,34.0,8,0.4,1.28,22.6,
"0323,13:25",8980,0.1189,1.12,3.55,31.4,8,0.37,1.31,22.6,
"0323,13:25",8990,0.1406,0.92,3.55,25.8,8,0.32,0.97,22.6,
"0323,13:25",9000,0.0922,0.92,3.6,25.4,8,0.37,0.79,22.5,
"0323,13:25",9010,0.3264,0.85,3.6,23.7,8,0.39,1.22,22.5,
"0323,13:25",9020,0.2417,0.87,3.6,24.3,8,0.31,0.65,22.5,
"0323,13:25",9030,0.2818,0.82,3.6,22.8,8,0.31,1.28,22.5,
"0323,13:25",9040,0.2265,0.35,3.6,9.7,8,0.26,0.55,22.5,
"0323,13:25",9050,0.171,0.47,3.6,13.1,8,0.32,1.28,22.5,
"0323,13:25",9060,0.185,0.94,3.6,26.0,8,0.31,1.19,22.5,
"0323,13:25",9070,0.1505,0.45,3.6,12.4,8,0.32,0.99,22.5,
"0323,13:25",9080,0.1955,0.85,3.6,23.7,8,0.31,1.29,22.5,
"0323,13:25",9090,0.1741,1.0,3.6,27.7,8,0.37,1.21,22.4,
"0323,13:25",9100,0.1426,0.83,3.48,23.8,8,0.29,0.68,22.4,
"0323,13:25",9110,0.1437,0.75,3.48,21.5,8,0.3,1.13,22.4,
"0323,13:25",9120,0.1309,0.47,3.48,13.6,8,0.32,1.13,22.4,
"0323,13:25",9130,0.1349,1.19,3.48,34.2,8,0.37,1.3,22.4,
"0323,13:25",9140,0.122,0.82,3.48,23.6,8,0.3,1.22,22.4,
"0323,13:25",9150,0.1234,0.4,3.48,11.6,8,0.32,0.94,22.3,
"0323,13:25",9160,0.1399,0.36,3.48,10.3,8,0.27,0.96,22.3,
"0323,13:25",9170,0.12,0.79,3.48,22.6,8,0.29,1.14,22.3,
"0323,13:25",9180,0.1302,0.91,3.48,26.0,8,0.37,1.14,22.3,
"0323,13:25",9190,0.1209,0.89,3.48,25.5,8,0.37,1.14,22.3,
"0323,13:25",9200,0.1236,0.5,3.43,14.7,8,0.34,0.64,22.3,
"0323,13:25",9210,0.1175,1.0,3.43,29.1,8,0.34,1.27,22.2,
"0323,13:25",9220,0.1287,0.37,3.43,10.8,8,0.27,1.14,22.2,
"0323,13:25",9230,0.1189,0.93,3.43,27.2,8,0.37,1.14,22.2,
"0323,13:25",9240,0.1091,0.74,3.43,21.5,8,0.31,1.14,22.2,
"0323,13:25",9250,0.1425,0.99,3.43,28.8,8,0.33,1.14,22.2,
"0323,13:25",9260,0.1171,0.42,3.43,12.2,8,0.32,1.14,22.2,
"0323,13:25",9270,0.1316,0.89,3.43,26.0,8,0.32,1.18,22.2,
"0323,13:25",9280,0.1244,0.4,3.43,11.6,8,0.32,1.18,22.2,
"0323,13:25",9290,0.1274,0.87,3.43,25.3,8,0.32,1.3,22.2,
"0323,13:26",9300,0.1043,0.81,3.42,23.7,8,0.32,0.63,22.1,
"0323,13:26",9310,0.1127,0.6,3.42,17.6,8,0.32,1.23,22.1,
"0323,13:26",9320,0.1157,0.82,3.42,23.9,8,0.36,1.23,22.1,
"0323,13:26",9330,0.1162,0.85,3.42,25.0,8,0.33,1.17,22.1,
"0323,13:26",9340,0.1237,0.76,3.42,22.1,8,0.34,1.27,22.1,
"0323,13:26",9350,0.1379,0.75,3.42,22.0,8,0.36,1.05,22.1,
"0323,13:26",9360,0.1193,0.45,3.42,13.1,8,0.32,1.24,22.1,
"0323,13:26",9370,0.1303,0.98,3.42,28.8,8,0.39,1.24,22.1,
"0323,13:26",9380,0.1208,0.79,3.42,23.3,8,0.35,1.24,22.1,
"0323,13:26",9390,0.1313,1.11,3.42,32.4,8,0.33,1.24,22.1,
"0323,13:26",9400,0.1261,0.7,3.41,20.5,8,0.32,0.73,22.0,
"0323,13:26",9410,0.1282,0.79,3.41,23.2,8,0.31,0.75,22.0,
"0323,13:26",9420,0.1231,0.97,3.41,28.5,8,0.33,1.11,22.0,
"0323,13:26",9430,0.1299,0.4,3.41,11.8,8,0.28,1.15,22.0,
"0323,13:26",9440,0.143,0.79,3.41,23.2,8,0.31,1.19,22.0,
"0323,13:26",9450,0.1125,0.64,3.41,18.7,8,0.34,1.27,22.0,
"0323,13:26",9460,0.1043,1.02,3.41,29.9,8,0.33,1.24,22.0,
"0323,13:26",9470,0.1069,0.48,3.41,14.1,8,0.29,1.08,22.0,
"0323,13:26",9480,0.1158,1.14,3.41,33.5,8,0.4,0.62,22.0,
"0323,13:26",9490,0.1035,0.81,3.41,23.9,8,0.32,1.15,21.9,
"0323,13:26",9500,0.1181,0.79,3.42,23.1,8,0.35,0.6,21.9,
"0323,13:26",9510,0.1273,0.86,3.42,25.2,8,0.32,1.13,21.9,
"0323,13:26",9520,0.1086,0.47,3.42,13.8,8,0.28,1.13,21.9,
"0323,13:26",9530,0.1127,0.4,3.42,11.8,8,0.27,0.94,21.9,
"0323,13:26",9540,0.118,0.47,3.42,13.9,8,0.34,1.07,21.9,
"0323,13:26",9550,0.1098,0.5,3.42,14.6,8,0.29,1.19,21.9,
"0323,13:26",9560,0.113,0.79,3.42,23.2,8,0.31,1.19,21.9,
"0323,13:26",9570,0.1122,0.4,3.42,11.6,8,0.28,1.09,21.9,
"0323,13:26",9580,0.109,0.73,3.42,21.3,8,0.31,1.07,21.8,
"0323,13:26",9590,0.0926,0.43,3.42,12.5,8,0.29,1.16,21.8,
"0323,13:26",9600,0.1064,0.89,3.43,26.0,8,0.3,0.62,21.8,
"0323,13:26",9610,0.1135,0.44,3.43,12.9,8,0.31,1.27,21.8,
"0323,13:26",9620,0.1228,0.45,3.43,13.1,8,0.32,0.88,21.8,
"0323,13:26",9630,0.1165,1.08,3.43,31.5,8,0.32,1.27,21.8,
"0323,13:26",9640,0.1307,0.48,3.43,13.9,8,0.28,1.27,21.8,
"0323,13:26",9650,0.1114,0.85,3.43,24.8,8,0.31,1.28,21.7,
"0323,13:26",9660,0.1287,0.39,3.43,11.4,8,0.28,1.25,21.7,
"0323,13:26",9670,0.0981,1.07,3.43,31.2,8,0.31,1.25,21.7,
"0323,13:26",9680,0.1,0.49,3.43,14.3,8,0.32,1.25,21.7,
"0323,13:26",9690,0.1282,0.39,3.43,11.5,8,0.32,1.25,21.7,
"0323,13:26",9700,0.1201,0.99,3.45,28.7,8,0.39,0.81,21.7,
"0323,13:26",9710,0.1077,0.72,3.45,20.9,8,0.33,1.25,21.7,
"0323,13:26",9720,0.1286,0.3,3.45,8.7,8,0.25,0.71,21.7,
"0323,13:26",9730,0.1212,0.89,3.45,25.9,8,0.34,0.71,21.7,
"0323,13:26",9740,0.1152,0.9,3.45,26.2,8,0.29,1.24,21.7,
"0323,13:26",9750,0.1182,0.69,3.45,20.1,8,0.35,1.24,21.6,
"0323,13:26",9760,0.127,0.36,3.45,10.4,8,0.32,1.17,21.6,
"0323,13:26",9770,0.1018,0.95,3.45,27.6,8,0.32,0.94,21.6,
"0323,13:26",9780,0.1124,0.32,3.45,9.3,8,0.26,1.22,21.6,
"0323,13:26",9790,0.0974,0.76,3.45,22.0,8,0.34,1.17,21.6,
"0323,13:26",9800,0.1047,0.93,3.47,26.9,8,0.36,0.61,21.6,
"0323,13:26",9810,0.1037,0.39,3.47,11.2,8,0.32,1.2,21.6,
"0323,13:26",9820,0.1191,0.59,3.47,17.0,8,0.32,1.2,21.6,
"0323,13:26",9830,0.1055,0.9,3.47,26.0,8,0.34,1.2,21.6,
"0323,13:26",9840,0.1229,1.18,3.47,34.1,8,0.37,1.1,21.6,
"0323,13:26",9850,0.1288,0.8,3.47,22.9,8,0.39,1.26,21.5,
"0323,13:26",9860,0.1209,0.96,3.47,27.6,8,0.3,1.26,21.5,
"0323,13:26",9870,0.1233,0.88,3.47,25.3,8,0.36,1.26,21.5,
"0323,13:26",9880,0.1108,0.55,3.47,15.9,8,0.32,1.26,21.5,
"0323,13:26",9890,0.1075,0.86,3.47,24.8,8,0.32,1.26,21.5,
"0323,13:26",9900,0.1211,0.96,3.49,27.4,8,0.32,0.8,21.5,
"0323,13:26",9910,0.1235,0.83,3.49,23.7,8,0.32,1.25,21.5,
"0323,13:26",9920,0.1251,0.61,3.49,17.4,8,0.37,1.25,21.5,
"0323,13:26",9930,0.1064,1.15,3.49,32.8,8,0.36,1.35,21.5,
"0323,13:26",9940,0.1043,0.52,3.49,14.9,8,0.3,0.98,21.5,
"0323,13:26",9950,0.1097,0.78,3.49,22.3,8,0.34,1.15,21.4,
"0323,13:26",9960,0.1252,0.37,3.49,10.7,8,0.27,1.23,21.4,
"0323,13:26",9970,0.1073,0.82,3.49,23.6,8,0.35,1.22,21.4,
"0323,13:26",9980,0.0965,1.08,3.49,31.0,8,0.33,1.11,21.4,
"0323,13:26",9990,0.1075,0.5,3.49,14.2,8,0.34,1.03,21.4,
"0323,13:26",10000,0.096,1.09,3.52,31.1,8,0.35,0.55,21.4,
"0323,13:26",10010,0.1162,0.89,3.52,25.4,8,0.34,1.25,21.4,
"0323,13:26",10020,0.1063,0.75,3.52,21.3,8,0.3,1.11,21.4,
"0323,13:26",10030,0.1046,0.42,3.52,11.9,8,0.27,1.27,21.4,
"0323,13:26",10040,0.1305,0.33,3.52,9.3,8,0.25,1.22,21.3,
"0323,13:26",10050,0.1209,1.02,3.52,29.0,8,0.33,1.2,21.3,
"0323,13:26",10060,0.1151,0.82,3.52,23.2,8,0.29,1.2,21.3,
"0323,13:26",10070,0.1185,0.82,3.52,23.2,8,0.39,0.97,21.3,
"0323,13:26",10080,0.1096,0.38,3.52,10.8,8,0.32,1.25,21.3,
"0323,13:26",10090,0.1141,0.47,3.52,13.5,8,0.32,1.25,21.3,
"0323,13:26",10100,0.1106,0.73,3.54,20.7,8,0.32,0.54,21.3,
"0323,13:26",10110,0.1118,0.99,3.54,27.9,8,0.33,1.2,21.3,
"0323,13:26",10120,0.1175,0.94,3.54,26.6,8,0.3,1.12,21.2,
"0323,13:26",10130,0.1133,0.45,3.54,12.6,8,0.36,1.12,21.2,
"0323,13:26",10140,0.1148,0.47,3.54,13.3,8,0.31,1.11,21.2,
"0323,13:26",10150,0.1123,1.14,3.54,32.2,8,0.37,1.26,21.2,
"0323,13:26",10160,0.0951,0.91,3.54,25.6,8,0.37,0.96,21.2,
"0323,13:26",10170,0.1203,0.52,3.54,14.7,8,0.33,1.2,21.2,
"0323,13:27",10180,0.1131,0.38,3.54,10.8,8,0.27,1.2,21.2,
"0323,13:27",10190,0.1024,0.55,3.54,15.5,8,0.29,0.84,21.2,
"0323,13:27",10200,0.1009,0.93,3.58,26.1,8,0.35,0.64,21.2,
"0323,13:27",10210,0.1189,0.97,3.58,27.0,8,0.31,1.08,21.1,
"0323,13:27",10220,0.1065,0.88,3.58,24.7,8,0.33,1.26,21.1,
"0323,13:27",10230,0.1007,1.12,3.58,31.2,8,0.35,1.27,21.1,
"0323,13:27",10240,0.1223,0.78,3.58,21.7,8,0.37,1.04,21.1,
"0323,13:27",10250,0.1087,0.43,3.58,12.1,8,0.28,1.05,21.1,
"0323,13:27",10260,0.109,1.13,3.58,31.5,8,0.35,0.63,21.1,
"0323,13:27",10270,0.1127,1.01,3.58,28.2,8,0.3,0.6,21.1,
"0323,13:27",10280,0.0994,0.81,3.58,22.6,8,0.36,0.94,21.1,
"0323,13:27",10290,0.1046,1.05,3.58,29.2,8,0.4,1.12,21.1,
"0323,13:27",10300,0.0991,1.0,3.62,27.5,8,0.3,0.61,21.1,
"0323,13:27",10310,0.1291,0.85,3.62,23.5,8,0.31,1.05,21.0,
"0323,13:27",10320,0.101,1.13,3.62,31.2,8,0.32,1.26,21.0,
"0323,13:27",10330,0.0959,1.19,3.62,33.0,8,0.36,0.6,21.0,
"0323,13:27",10340,0.1098,0.97,3.62,26.8,8,0.3,0.68,21.0,
"0323,13:27",10350,0.0989,0.85,3.62,23.6,8,0.3,1.15,21.0,
"0323,13:27",10360,0.1249,1.01,3.62,27.9,8,0.37,1.06,21.0,
"0323,13:27",10370,0.0995,0.54,3.62,14.8,8,0.29,1.1,21.0,
"0323,13:27",10380,0.1015,0.5,3.62,13.8,8,0.32,0.96,21.0,
"0323,13:27",10390,0.1034,0.79,3.62,21.8,8,0.31,1.15,21.0,
"0323,13:27",10400,0.1123,0.44,3.65,12.0,8,0.27,0.45,20.9,
"0323,13:27",10410,0.1027,1.13,3.65,30.9,8,0.33,0.66,20.9,
"0323,13:27",10420,0.1103,1.22,3.65,33.5,8,0.38,1.26,20.9,
"0323,13:27",10430,0.123,0.65,3.65,17.8,8,0.37,1.06,20.9,
"0323,13:27",10440,0.1067,0.87,3.65,23.8,8,0.31,1.24,20.9,
"0323,13:27",10450,0.1091,1.2,3.65,32.8,8,0.33,1.24,20.9,
"0323,13:27",10460,0.107,0.74,3.65,20.2,8,0.33,1.24,20.9,
"0323,13:27",10470,0.1081,0.92,3.65,25.1,8,0.31,1.24,20.9,
"0323,13:27",10480,0.1092,0.7,3.65,19.1,8,0.31,1.24,20.9,
"0323,13:27",10490,0.0928,0.83,3.65,22.7,8,0.36,1.24,20.9,
"0323,13:27",10500,0.1013,0.71,3.68,19.3,8,0.34,0.51,20.8,
"0323,13:27",10510,0.0893,0.86,3.68,23.4,8,0.28,1.16,20.8,
"0323,13:27",10520,0.1116,0.45,3.68,12.4,8,0.32,0.87,20.8,
"0323,13:27",10530,0.1098,0.99,3.68,26.9,8,0.3,1.25,20.8,
"0323,13:27",10540,0.1112,0.89,3.68,24.1,8,0.36,1.25,20.8,
"0323,13:27",10550,0.1099,1.04,3.68,28.4,8,0.3,1.24,20.8,
"0323,13:27",10560,0.1117,0.78,3.68,21.2,8,0.32,1.15,20.8,
"0323,13:27",10570,0.09,0.88,3.68,23.9,8,0.33,1.12,20.8,
"0323,13:27",10580,0.1088,1.14,3.68,30.9,8,0.34,0.67,20.8,
"0323,13:27",10590,0.1109,0.48,3.68,13.0,8,0.32,1.21,20.8,
"0323,13:27",10600,0.1019,0.88,3.71,23.7,8,0.35,0.66,20.7,
"0323,13:27",10610,0.1155,0.66,3.71,17.9,8,0.37,1.11,20.7,
"0323,13:27",10620,0.1163,0.94,3.71,25.4,8,0.33,1.18,20.7,
"0323,13:27",10630,0.1097,0.97,3.71,26.2,8,0.3,1.08,20.7,
"0323,13:27",10640,0.1041,0.96,3.71,26.0,8,0.35,1.27,20.7,
"0323,13:27",10650,0.1006,0.57,3.71,15.5,8,0.27,1.27,20.7,
"0323,13:27",10660,0.1018,1.27,3.71,34.3,8,0.38,1.3,20.7,
"0323,13:27",10670,0.1121,0.84,3.71,22.7,8,0.29,1.22,20.7,
"0323,13:27",10680,0.1133,0.57,3.71,15.5,8,0.29,1.26,20.7,
"0323,13:27",10690,0.0989,0.93,3.71,25.1,8,0.31,1.12,20.7,
"0323,13:27",10700,0.0896,1.06,3.74,28.4,8,0.36,0.53,20.6,
"0323,13:27",10710,0.0961,0.89,3.74,23.8,8,0.3,1.13,20.6,
"0323,13:27",10720,0.1052,0.57,3.74,15.1,8,0.32,1.05,20.6,
"0323,13:27",10730,0.0985,1.01,3.74,27.0,8,0.36,0.98,20.6,
"0323,13:27",10740,0.1063,0.48,3.74,12.8,8,0.28,1.17,20.6,
"0323,13:27",10750,0.1221,0.83,3.74,22.2,8,0.38,1.03,20.6,
"0323,13:27",10760,0.1065,1.28,3.74,34.3,8,0.38,1.38,20.6,
"0323,13:27",10770,0.0892,0.49,3.74,13.1,8,0.34,1.28,20.6,
"0323,13:27",10780,0.0968,0.99,3.74,26.5,8,0.34,1.29,20.6,
"0323,13:27",10790,0.1178,1.02,3.74,27.3,8,0.32,0.49,20.6,
"0323,13:27",10800,0.0984,0.68,3.78,18.1,8,0.31,0.63,20.5,
"0323,13:27",10810,0.1038,0.72,3.78,19.0,8,0.33,0.87,20.5,
"0323,13:27",10820,0.111,0.47,3.78,12.5,8,0.28,1.23,20.5,
"0323,13:27",10830,0.1006,0.63,3.78,16.8,8,0.32,1.23,20.5,
"0323,13:27",10840,0.1002,0.86,3.78,22.7,8,0.35,1.09,20.5,
"0323,13:27",10850,0.1122,0.68,3.78,17.9,8,0.32,0.87,20.5,
"0323,13:27",10860,0.1092,1.03,3.78,27.3,8,0.29,1.26,20.5,
"0323,13:27",10870,0.1112,0.94,3.78,24.8,8,0.3,1.26,20.5,
"0323,13:27",10880,0.139,0.72,3.78,19.0,8,0.28,0.6,20.5,
"0323,13:27",10890,0.0954,0.69,3.78,18.2,8,0.33,1.27,20.5,
"0323,13:27",10900,0.1,1.0,3.81,26.3,8,0.3,0.62,20.5,
"0323,13:27",10910,0.1033,0.53,3.81,13.9,8,0.31,1.24,20.4,
"0323,13:27",10920,0.1289,0.51,3.81,13.4,8,0.36,1.21,20.4,
"0323,13:27",10930,0.114,1.06,3.81,27.7,8,0.37,1.3,20.4,
"0323,13:27",10940,0.1139,1.23,3.81,32.3,8,0.33,0.8,20.4,
"0323,13:27",10950,0.1023,0.54,3.81,14.3,8,0.32,1.24,20.4,
"0323,13:27",10960,0.0988,0.95,3.81,25.0,8,0.33,1.17,20.4,
"0323,13:27",10970,0.0996,0.7,3.81,18.4,8,0.31,1.17,20.4,
"0323,13:27",10980,0.1014,0.8,3.81,21.1,8,0.36,1.17,20.4,
"0323,13:27",10990,0.1069,0.86,3.81,22.6,8,0.32,1.17,20.4,
"0323,13:28",11000,0.096,1.23,3.85,31.9,8,0.34,0.63,20.4,
"0323,13:28",11010,0.0927,0.7,3.85,18.2,8,0.34,0.87,20.4,
"0323,13:28",11020,0.1013,0.48,3.85,12.4,8,0.31,1.13,20.3,
"0323,13:28",11030,0.1148,0.43,3.85,11.3,8,0.28,1.17,20.3,
"0323,13:28",11040,0.1245,1.0,3.85,26.0,8,0.33,0.65,20.3,
"0323,13:28",11050,0.099,0.97,3.85,25.3,8,0.31,1.25,20.3,
"0323,13:28",11060,0.0954,1.0,3.85,26.1,8,0.37,1.25,20.3,
"0323,13:28",11070,0.1224,0.86,3.85,22.3,8,0.38,1.09,20.3,
"0323,13:28",11080,0.0941,0.57,3.85,14.9,8,0.28,1.09,20.3,
"0323,13:28",11090,0.1053,1.0,3.85,25.9,8,0.33,0.56,20.3,
"0323,13:28",11100,0.117,0.7,3.88,18.0,8,0.33,0.69,20.3,
"0323,13:28",11110,0.0977,1.23,3.88,31.8,8,0.34,1.32,20.3,
"0323,13:28",11120,0.1172,1.31,3.88,33.7,8,0.39,1.12,20.2,
"0323,13:28",11130,0.1195,1.28,3.88,32.9,8,0.38,1.03,20.2,
"0323,13:28",11140,0.1067,1.06,3.88,27.3,8,0.3,1.24,20.2,
"0323,13:28",11150,0.0922,1.02,3.88,26.2,8,0.34,1.22,20.2,
"0323,13:28",11160,0.0874,0.89,3.88,22.9,8,0.36,1.14,20.2,
"0323,13:28",11170,0.1107,1.09,3.88,28.2,8,0.38,1.12,20.2,
"0323,13:28",11180,0.1065,0.71,3.88,18.2,8,0.33,1.26,20.2,
"0323,13:28",11190,0.1135,0.39,3.88,10.1,8,0.26,1.06,20.2,
"0323,13:28",11200,0.0913,0.61,3.93,15.4,8,0.33,0.52,20.2,
"0323,13:28",11210,0.1085,1.02,3.93,25.9,8,0.33,1.25,20.2,
"0323,13:28",11220,0.1078,0.53,3.93,13.5,8,0.34,0.86,20.1,
"0323,13:28",11230,0.1051,0.51,3.93,13.0,8,0.27,1.27,20.1,
"0323,13:28",11240,0.1107,1.1,3.93,28.1,8,0.34,1.27,20.1,
"0323,13:28",11250,0.1109,1.04,3.93,26.4,8,0.35,0.77,20.1,
"0323,13:28",11260,0.0929,1.19,3.93,30.2,8,0.35,1.21,20.1,
"0323,13:28",11270,0.102,0.86,3.93,21.9,8,0.31,0.96,20.1,
"0323,13:28",11280,0.1011,0.46,3.93,11.8,8,0.32,0.76,20.1,
"0323,13:28",11290,0.0979,0.95,3.93,24.1,8,0.31,1.13,20.1,
"0323,13:28",11300,0.1066,0.84,3.95,21.3,8,0.33,0.62,20.1,
"0323,13:28",11310,0.0918,0.97,3.95,24.6,8,0.34,1.28,20.0,
"0323,13:28",11320,0.1291,0.44,3.95,11.2,8,0.28,0.86,20.0,
"0323,13:28",11330,0.1032,0.53,3.95,13.5,8,0.32,1.19,20.0,
"0323,13:28",11340,0.0932,0.94,3.95,23.8,8,0.28,1.19,20.0,
"0323,13:28",11350,0.1087,0.78,3.95,19.8,8,0.34,1.33,20.0,
"0323,13:28",11360,0.1132,0.91,3.95,23.1,8,0.34,1.18,20.0,
"0323,13:28",11370,0.0987,0.94,3.95,23.9,8,0.34,1.21,20.0,
"0323,13:28",11380,0.1119,1.1,3.95,27.8,8,0.31,1.12,20.0,
"0323,13:28",11390,0.0929,1.12,3.95,28.4,8,0.36,1.24,20.0,
"0323,13:28",11400,0.0942,1.19,3.98,29.9,8,0.34,0.54,20.0,
"0323,13:28",11410,0.102,1.07,3.98,26.8,8,0.34,1.01,20.0,
"0323,13:28",11420,0.1041,0.82,3.98,20.6,8,0.33,1.28,19.9,
"0323,13:28",11430,0.1232,0.78,3.98,19.5,8,0.32,1.19,19.9,
"0323,13:28",11440,0.1252,0.73,3.98,18.3,8,0.37,1.29,19.9,
"0323,13:28",11450,0.0941,0.9,3.98,22.7,8,0.33,1.06,19.9,
"0323,13:28",11460,0.1105,0.51,3.98,12.8,8,0.28,1.13,19.9,
"0323,13:28",11470,0.1046,1.3,3.98,32.5,8,0.33,1.09,19.9,
"0323,13:28",11480,0.0969,0.9,3.98,22.7,8,0.35,1.23,19.9,
"0323,13:28",11490,0.0928,0.91,3.98,22.8,8,0.37,1.22,19.9,
"0323,13:28",11500,0.073,1.13,4.02,28.1,8,0.38,0.71,19.9,
"0323,13:28",11510,0.0897,0.55,4.02,13.6,8,0.34,1.03,19.9,
"0323,13:28",11520,0.1088,0.62,4.02,15.4,8,0.37,0.87,19.9,
"0323,13:28",11530,0.1118,0.58,4.02,14.4,8,0.37,1.14,19.8,
"0323,13:28",11540,0.0941,0.92,4.02,22.9,8,0.36,1.12,19.8,
"0323,13:28",11550,0.0934,0.91,4.02,22.7,8,0.29,0.77,19.8,
"0323,13:28",11560,0.0889,0.87,4.02,21.7,8,0.33,1.13,19.8,
"0323,13:28",11570,0.0888,1.05,4.02,26.0,8,0.29,1.05,19.8,
"0323,13:28",11580,0.0994,1.29,4.02,32.0,8,0.36,1.2,19.8,
"0323,13:28",11590,0.1002,0.47,4.02,11.7,8,0.28,1.23,19.8,
"0323,13:28",11600,0.0965,1.16,4.05,28.7,8,0.35,0.59,19.8,
"0323,13:28",11610,0.0948,1.2,4.05,29.6,8,0.32,0.76,19.8,
"0323,13:28",11620,0.1054,0.8,4.05,19.8,8,0.34,1.2,19.8,
"0323,13:28",11630,0.115,0.55,4.05,13.6,8,0.36,1.09,19.8,
"0323,13:28",11640,0.1289,1.2,4.05,29.6,8,0.41,1.4,19.7,
"0323,13:28",11650,0.1167,1.14,4.05,28.2,8,0.35,0.98,19.7,
"0323,13:28",11660,0.1132,0.99,4.05,24.4,8,0.32,1.27,19.7,
"0323,13:28",11670,0.1368,0.79,4.05,19.6,8,0.28,0.96,19.7,
"0323,13:28",11680,0.084,0.61,4.05,15.0,8,0.28,1.15,19.7,
"0323,13:28",11690,0.0951,0.47,4.05,11.7,8,0.28,1.25,19.7,
"0323,13:28",11700,0.1109,1.14,4.09,28.0,8,0.37,0.84,19.7,
"0323,13:28",11710,0.1078,1.06,4.09,25.8,8,0.36,1.23,19.7,
"0323,13:28",11720,0.0924,0.97,4.09,23.6,8,0.32,1.23,19.7,
"0323,13:28",11730,0.0921,1.07,4.09,26.1,8,0.34,1.07,19.7,
"0323,13:28",11740,0.1032,1.0,4.09,24.4,8,0.32,1.19,19.6,
"0323,13:28",11750,0.0972,1.09,4.09,26.7,8,0.38,1.13,19.6,
"0323,13:28",11760,0.1032,1.41,4.09,34.4,8,0.39,1.35,19.6,
"0323,13:28",11770,0.1052,1.12,4.09,27.3,8,0.32,0.89,19.6,
"0323,13:29",11780,0.1341,1.29,4.09,31.7,8,0.37,1.33,19.6,
"0323,13:29",11790,0.0985,0.76,4.09,18.6,8,0.31,1.23,19.6,
"0323,13:29",11800,0.0973,0.95,4.12,23.0,8,0.37,0.75,19.6,
"0323,13:29",11810,0.0996,0.93,4.12,22.6,8,0.34,1.21,19.6,
"0323,13:29",11820,0.0997,0.79,4.12,19.2,8,0.33,1.21,19.6,
"0323,13:29",11830,0.0996,1.4,4.12,34.0,8,0.39,1.34,19.6,
"0323,13:29",11840,0.1113,1.1,4.12,26.7,8,0.34,1.19,19.6,
"0323,13:29",11850,0.1034,0.7,4.12,17.1,8,0.33,1.17,19.6,
"0323,13:29",11860,0.0883,0.58,4.12,14.2,8,0.31,1.3,19.6,
"0323,13:29",11870,0.0879,0.65,4.12,15.7,8,0.31,1.08,19.5,
"0323,13:29",11880,0.0774,0.65,4.12,15.8,8,0.3,1.2,19.5,
"0323,13:29",11890,0.0975,0.9,4.12,21.8,8,0.34,1.15,19.5,
"0323,13:29",11900,0.0844,0.61,4.16,14.7,8,0.29,0.54,19.5,
"0323,13:29",11910,0.0983,1.23,4.16,29.7,8,0.32,1.29,19.5,
"0323,13:29",11920,0.0913,1.39,4.16,33.5,8,0.38,1.36,19.5,
"0323,13:29",11930,0.1158,1.0,4.16,24.1,8,0.37,1.12,19.5,
"0323,13:29",11940,0.097,1.02,4.16,24.5,8,0.4,1.1,19.5,
"0323,13:29",11950,0.1105,1.11,4.16,26.7,8,0.38,1.29,19.5,
"0323,13:29",11960,0.1164,0.81,4.16,19.4,8,0.37,1.25,19.5,
"0323,13:29",11970,0.125,0.96,4.16,23.2,8,0.37,1.25,19.5,
"0323,13:29",11980,0.1089,0.95,4.16,22.9,8,0.3,1.02,19.4,
"0323,13:29",11990,0.0964,0.67,4.16,16.1,8,0.3,1.1,19.4,
"0323,13:29",12000,0.0909,0.67,4.19,16.0,8,0.3,0.62,19.4,
"0323,13:29",12010,0.3519,0.83,4.19,19.9,8,0.28,1.19,19.4,
"0323,13:29",12020,0.2262,1.18,4.19,28.1,8,0.3,0.66,19.4,
"0323,13:29",12030,0.2115,0.65,4.19,15.5,8,0.29,1.2,19.4,
"0323,13:29",12040,0.1772,0.61,4.19,14.7,8,0.32,1.05,19.4,
"0323,13:29",12050,0.2381,1.05,4.19,25.1,8,0.3,1.07,19.4,
"0323,13:29",12060,0.181,0.65,4.19,15.6,8,0.37,1.11,19.4,
"0323,13:29",12070,0.177,1.02,4.19,24.4,8,0.38,1.24,19.4,
"0323,13:29",12080,0.13,0.68,4.19,16.2,8,0.28,1.16,19.3,
"0323,13:29",12090,0.1272,0.54,4.19,12.8,8,0.28,1.23,19.3,
"0323,13:29",12100,0.1259,0.65,4.07,16.1,8,0.27,0.61,19.3,
"0323,13:29",12110,0.1217,0.73,4.07,18.0,8,0.32,1.21,19.3,
"0323,13:29",12120,0.129,1.04,4.07,25.6,8,0.33,0.99,19.3,
"0323,13:29",12130,0.1242,0.49,4.07,12.0,8,0.28,0.99,19.3,
"0323,13:29",12140,0.1426,1.06,4.07,26.1,8,0.36,1.2,19.3,
"0323,13:29",12150,0.1135,0.55,4.07,13.5,8,0.36,1.22,19.3,
"0323,13:29",12160,0.105,1.28,4.07,31.5,8,0.34,1.26,19.3,
"0323,13:29",12170,0.108,0.52,4.07,12.9,8,0.29,0.9,19.3,
"0323,13:29",12180,0.1095,0.87,4.07,21.5,8,0.32,1.24,19.2,
"0323,13:29",12190,0.1102,0.49,4.07,12.1,8,0.27,1.06,19.2,
"0323,13:29",12200,0.0862,0.65,4.02,16.1,8,0.29,0.79,19.2,
"0323,13:29",12210,0.1075,1.15,4.02,28.6,8,0.35,1.31,19.2,
"0323,13:29",12220,0.1202,1.06,4.02,26.3,8,0.33,0.73,19.2,
"0323,13:29",12230,0.0978,0.95,4.02,23.6,8,0.34,1.25,19.2,
"0323,13:29",12240,0.1072,0.55,4.02,13.8,8,0.31,1.23,19.2,
"0323,13:29",12250,0.1085,0.96,4.02,23.8,8,0.32,1.11,19.2,
"0323,13:29",12260,0.105,0.91,4.02,22.7,8,0.29,1.1,19.2,
"0323,13:29",12270,0.1124,0.47,4.02,11.8,8,0.28,1.23,19.2,
"0323,13:29",12280,0.1004,1.07,4.02,26.7,8,0.36,1.01,19.2,
"0323,13:29",12290,0.0934,0.57,4.02,14.3,8,0.32,1.31,19.2,
"0323,13:29",12300,0.101,1.29,4.01,32.1,8,0.36,0.55,19.1,
"0323,13:29",12310,0.0989,1.25,4.01,31.3,8,0.34,1.23,19.1,
"0323,13:29",12320,0.1254,0.93,4.01,23.2,8,0.29,1.25,19.1,
"0323,13:29",12330,0.111,0.58,4.01,14.5,8,0.28,0.62,19.1,
"0323,13:29",12340,0.1072,0.49,4.01,12.3,8,0.28,0.9,19.1,
"0323,13:29",12350,0.0982,0.51,4.01,12.6,8,0.28,1.13,19.1,
"0323,13:29",12360,0.0936,0.84,4.01,21.0,8,0.33,1.18,19.1,
"0323,13:29",12370,0.1069,0.71,4.01,17.7,8,0.32,0.72,19.1,
"0323,13:29",12380,0.0953,0.53,4.01,13.2,8,0.36,1.18,19.1,
"0323,13:29",12390,0.0967,0.56,4.01,14.0,8,0.36,1.21,19.1,
"0323,13:29",12400,0.0949,1.02,4.01,25.6,8,0.33,0.8,19.0,
"0323,13:29",12410,0.0989,1.14,4.01,28.3,8,0.36,1.27,19.0,
"0323,13:29",12420,0.1146,0.87,4.01,21.7,8,0.33,1.08,19.0,
"0323,13:29",12430,0.1183,0.93,4.01,23.2,8,0.29,1.22,19.0,
"0323,13:29",12440,0.095,0.55,4.01,13.7,8,0.31,1.16,19.0,
"0323,13:29",12450,0.1175,1.1,4.01,27.4,8,0.32,1.21,19.0,
"0323,13:29",12460,0.1064,0.9,4.01,22.5,8,0.34,1.21,19.0,
"0323,13:29",12470,0.1055,0.91,4.01,22.7,8,0.37,1.1,19.0,
"0323,13:29",12480,0.1109,0.6,4.01,15.0,8,0.36,1.29,19.0,
"0323,13:29",12490,0.094,0.99,4.01,24.8,8,0.33,1.11,19.0,
"0323,13:29",12500,0.0914,1.12,4.01,28.0,8,0.37,0.73,19.0,
"0323,13:29",12510,0.1098,0.76,4.01,19.0,8,0.37,0.87,19.0,
"0323,13:30",12520,0.097,0.63,4.01,15.7,8,0.28,1.16,19.0,
"0323,13:30",12530,0.1025,0.95,4.01,23.7,8,0.3,1.19,19.0,
"0323,13:30",12540,0.0906,1.14,4.01,28.4,8,0.36,1.2,18.9,
"0323,13:30",12550,0.1139,1.11,4.01,27.8,8,0.37,1.19,18.9,
"0323,13:30",12560,0.086,0.93,4.01,23.2,8,0.33,1.13,18.9,
"0323,13:30",12570,0.1025,0.72,4.01,17.8,8,0.33,1.2,18.9,
"0323,13:30",12580,0.1238,0.87,4.01,21.7,8,0.33,1.17,18.9,
"0323,13:30",12590,0.0941,0.63,4.01,15.6,8,0.3,1.3,18.9,
"0323,13:30",12600,0.1,1.11,4.02,27.6,8,0.31,0.74,18.9,
"0323,13:30",12610,0.0884,1.26,4.02,31.4,8,0.34,1.19,18.9,
"0323,13:30",12620,0.0996,0.75,4.02,18.7,8,0.36,1.13,18.9,
"0323,13:30",12630,0.1053,0.45,4.02,11.3,8,0.28,0.63,18.9,
"0323,13:30",12640,0.1049,1.3,4.02,32.2,8,0.34,1.31,18.9,
"0323,13:30",12650,0.0985,1.28,4.02,31.8,8,0.35,1.32,18.9,
"0323,13:30",12660,0.1033,0.99,4.02,24.7,8,0.28,1.21,18.9,
"0323,13:30",12670,0.1066,1.33,4.02,33.2,8,0.34,0.59,18.9,
"0323,13:30",12680,0.1115,1.38,4.02,34.2,8,0.41,1.29,18.9,
"0323,13:30",12690,0.0927,1.1,4.02,27.3,8,0.37,1.22,18.9,
"0323,13:30",12700,0.1114,0.87,4.04,21.7,8,0.33,0.51,18.8,
"0323,13:30",12710,0.0991,0.92,4.04,22.7,8,0.29,1.25,18.8,
"0323,13:30",12720,0.0893,0.96,4.04,23.8,8,0.34,1.13,18.8,
"0323,13:30",12730,0.0952,1.38,4.04,34.1,8,0.39,0.68,18.8,
"0323,13:30",12740,0.0896,1.04,4.04,25.8,8,0.36,1.09,18.8,
"0323,13:30",12750,0.0921,0.72,4.04,17.9,8,0.34,0.92,18.8,
"0323,13:30",12760,0.1026,0.6,4.04,14.9,8,0.34,0.91,18.8,
"0323,13:30",12770,0.1097,0.95,4.04,23.5,8,0.39,1.25,18.8,
"0323,13:30",12780,0.0934,0.77,4.04,19.1,8,0.31,1.27,18.8,
"0323,13:30",12790,0.0983,1.28,4.04,31.8,8,0.36,1.09,18.8,
"0323,13:30",12800,0.089,1.03,4.05,25.5,8,0.34,0.63,18.7,
"0323,13:30",12810,0.0929,1.15,4.05,28.3,8,0.36,1.27,18.7,
"0323,13:30",12820,0.0911,1.06,4.05,26.3,8,0.37,1.14,18.7,
"0323,13:30",12830,0.1033,1.27,4.05,31.3,8,0.34,1.26,18.7,
"0323,13:30",12840,0.1031,0.86,4.05,21.2,8,0.33,1.31,18.7,
"0323,13:30",12850,0.1054,1.07,4.05,26.4,8,0.33,1.17,18.7,
"0323,13:30",12860,0.0881,1.06,4.05,26.1,8,0.3,1.25,18.7,
"0323,13:30",12870,0.0846,0.95,4.05,23.5,8,0.34,1.27,18.7,
"0323,13:30",12880,0.0905,1.12,4.05,27.6,8,0.3,0.51,18.7,
"0323,13:30",12890,0.0927,0.87,4.05,21.5,8,0.3,1.25,18.7,
"0323,13:30",12900,0.0949,0.41,4.07,10.0,8,0.26,0.65,18.7,
"0323,13:30",12910,0.0978,1.31,4.07,32.3,8,0.34,1.23,18.7,
"0323,13:30",12920,0.0929,0.97,4.07,23.9,8,0.32,1.21,18.7,
"0323,13:30",12930,0.1051,1.05,4.07,25.8,8,0.37,1.19,18.7,
"0323,13:30",12940,0.0923,0.78,4.07,19.2,8,0.31,1.14,18.7,
"0323,13:30",12950,0.1116,1.13,4.07,27.7,8,0.31,1.21,18.7,
"0323,13:30",12960,0.0857,0.99,4.07,24.3,8,0.32,1.04,18.6,
"0323,13:30",12970,0.1135,0.99,4.07,24.3,8,0.36,1.08,18.6,
"0323,13:30",12980,0.0777,1.01,4.07,24.9,8,0.31,0.68,18.6,
"0323,13:30",12990,0.1029,1.19,4.07,29.3,8,0.35,1.23,18.6,
"0323,13:30",13000,0.0937,0.65,4.09,15.8,8,0.29,0.57,18.6,
"0323,13:30",13010,0.1073,1.16,4.09,28.4,8,0.34,1.27,18.6,
"0323,13:30",13020,0.0835,1.2,4.09,29.3,8,0.32,0.79,18.6,
"0323,13:30",13030,0.0999,0.6,4.09,14.8,8,0.28,1.19,18.6,
"0323,13:30",13040,0.0878,1.05,4.09,25.7,8,0.29,0.9,18.6,
"0323,13:30",13050,0.0849,1.3,4.09,31.9,8,0.35,1.12,18.6,
"0323,13:30",13060,0.0955,0.52,4.09,12.7,8,0.31,0.91,18.6,
"0323,13:30",13070,0.0912,0.78,4.09,19.0,8,0.33,1.12,18.6,
"0323,13:30",13080,0.0951,1.34,4.09,32.9,8,0.38,1.34,18.6,
"0323,13:30",13090,0.11,0.89,4.09,21.9,8,0.33,1.13,18.6,
"0323,13:30",13100,0.098,1.13,4.11,27.6,8,0.3,0.71,18.5,
"0323,13:30",13110,0.0997,1.41,4.11,34.2,8,0.38,1.37,18.5,
"0323,13:30",13120,0.0886,0.97,4.11,23.6,8,0.31,1.19,18.5,
"0323,13:30",13130,0.1126,0.79,4.11,19.2,8,0.37,1.36,18.5,
"0323,13:30",13140,0.1165,1.39,4.11,33.7,8,0.37,1.27,18.5,
"0323,13:30",13150,0.0993,0.94,4.11,23.0,8,0.29,1.27,18.5,
"0323,13:30",13160,0.0911,1.18,4.11,28.7,8,0.36,0.74,18.5,
"0323,13:30",13170,0.1024,1.32,4.11,32.1,8,0.34,0.78,18.5,
"0323,13:30",13180,0.0988,0.48,4.11,11.7,8,0.28,1.08,18.5,
"0323,13:30",13190,0.093,0.48,4.11,11.7,8,0.28,1.25,18.5,
"0323,13:30",13200,0.0993,1.13,4.14,27.2,8,0.37,0.6,18.5,
"0323,13:30",13210,0.0882,0.75,4.14,18.1,8,0.34,1.23,18.5,
"0323,13:30",13220,0.1116,0.63,4.14,15.3,8,0.37,1.26,18.5,
"0323,13:30",13230,0.1112,1.32,4.14,31.9,8,0.36,1.27,18.5,
"0323,13:30",13240,0.0941,0.88,4.14,21.2,8,0.37,1.27,18.5,
"0323,13:30",13250,0.0989,0.89,4.14,21.6,8,0.34,1.08,18.5,
"0323,13:30",13260,0.0851,0.98,4.14,23.6,8,0.28,0.57,18.4,
"0323,13:30",13270,0.0984,0.59,4.14,14.3,8,0.36,1.28,18.4,
"0323,13:31",13280,0.1038,1.15,4.14,27.8,8,0.3,0.53,18.4,
"0323,13:31",13290,0.0836,1.07,4.14,25.8,8,0.36,1.15,18.4,
"0323,13:31",13300,0.0871,0.56,4.16,13.5,8,0.32,0.56,18.4,
"0323,13:31",13310,0.0914,1.42,4.16,34.2,8,0.38,1.31,18.4,
"0323,13:31",13320,0.1217,1.09,4.16,26.2,8,0.34,1.3,18.4,
"0323,13:31",13330,0.0958,0.99,4.16,23.8,8,0.32,1.2,18.4,
"0323,13:31",13340,0.0867,1.17,4.16,28.1,8,0.36,0.59,18.4,
"0323,13:31",13350,0.098,0.75,4.16,18.1,8,0.34,1.21,18.4,
"0323,13:31",13360,0.0941,0.5,4.16,12.0,8,0.28,0.95,18.4,
"0323,13:31",13370,0.1272,0.83,4.16,20.0,8,0.28,1.25,18.4,
"0323,13:31",13380,0.0848,0.43,4.16,10.3,8,0.26,1.16,18.4,
"0323,13:31",13390,0.0962,1.22,4.16,29.5,8,0.35,1.12,18.4,
"0323,13:31",13400,0.0948,1.08,4.19,25.7,8,0.33,0.62,18.3,
"0323,13:31",13410,0.0974,1.01,4.19,24.2,8,0.35,1.21,18.3,
"0323,13:31",13420,0.0844,0.99,4.19,23.6,8,0.28,1.08,18.3,
"0323,13:31",13430,0.0878,0.61,4.19,14.6,8,0.32,0.85,18.3,
"0323,13:31",13440,0.1166,0.48,4.19,11.4,8,0.29,1.19,18.3,
"0323,13:31",13450,0.0873,0.65,4.19,15.5,8,0.31,1.18,18.3,
"0323,13:31",13460,0.1123,1.06,4.19,25.4,8,0.31,0.8,18.3,
"0323,13:31",13470,0.1087,1.09,4.19,26.1,8,0.36,1.08,18.3,
"0323,13:31",13480,0.0917,0.64,4.19,15.4,8,0.27,0.82,18.3,
"0323,13:31",13490,0.0895,1.08,4.19,25.7,8,0.29,1.14,18.3,
"0323,13:31",13500,0.1003,1.23,4.21,29.2,8,0.41,0.74,18.3,
"0323,13:31",13510,0.1008,0.5,4.21,12.0,8,0.32,0.67,18.3,
"0323,13:31",13520,0.0977,0.62,4.21,14.8,8,0.28,0.82,18.3,
"0323,13:31",13530,0.0938,1.02,4.21,24.1,8,0.32,1.23,18.3,
"0323,13:31",13540,0.0951,0.53,4.21,12.7,8,0.29,1.26,18.3,
"0323,13:31",13550,0.0988,1.23,4.21,29.3,8,0.31,0.53,18.3,
"0323,13:31",13560,0.098,0.53,4.21,12.6,8,0.28,0.91,18.3,
"0323,13:31",13570,0.0934,0.65,4.21,15.6,8,0.31,0.59,18.3,
"0323,13:31",13580,0.1067,0.44,4.21,10.6,8,0.26,1.19,18.2,
"0323,13:31",13590,0.0812,1.4,4.21,33.2,8,0.38,0.76,18.2,
"0323,13:31",13600,0.0825,0.67,4.24,15.8,8,0.3,0.6,18.2,
"0323,13:31",13610,0.0875,1.09,4.24,25.7,8,0.33,1.25,18.2,
"0323,13:31",13620,0.0978,1.09,4.24,25.8,8,0.3,1.15,18.2,
"0323,13:31",13630,0.0951,1.33,4.24,31.4,8,0.34,1.25,18.2,
"0323,13:31",13640,0.0984,1.07,4.24,25.2,8,0.3,1.0,18.2,
"0323,13:31",13650,0.0786,0.98,4.24,23.2,8,0.33,1.19,18.2,
"0323,13:31",13660,0.0853,0.62,4.24,14.7,8,0.29,1.28,18.2,
"0323,13:31",13670,0.096,0.9,4.24,21.3,8,0.33,1.22,18.2,
"0323,13:31",13680,0.0955,1.12,4.24,26.5,8,0.35,1.17,18.2,
"0323,13:31",13690,0.09,0.67,4.24,15.7,8,0.33,1.19,18.2,
"0323,13:31",13700,0.1047,1.11,4.26,26.1,8,0.36,0.6,18.2,
"0323,13:31",13710,0.0818,1.15,4.26,27.1,8,0.29,0.72,18.1,
"0323,13:31",13720,0.0951,1.44,4.26,33.8,8,0.38,1.26,18.1,
"0323,13:31",13730,0.0929,1.06,4.26,24.9,8,0.31,1.12,18.1,
"0323,13:31",13740,0.1089,1.05,4.26,24.5,8,0.37,1.0,18.1,
"0323,13:31",13750,0.1005,1.14,4.26,26.7,8,0.34,1.19,18.1,
"0323,13:31",13760,0.0842,0.62,4.26,14.6,8,0.33,1.22,18.1,
"0323,13:31",13770,0.1111,1.19,4.26,28.0,8,0.3,0.63,18.1,
"0323,13:31",13780,0.0922,0.65,4.26,15.3,8,0.32,1.23,18.1,
"0323,13:31",13790,0.0821,0.66,4.26,15.5,8,0.31,1.05,18.1,
"0323,13:31",13800,0.0917,1.44,4.28,33.6,8,0.39,0.7,18.1,
"0323,13:31",13810,0.1013,0.52,4.28,12.0,8,0.32,1.12,18.1,
"0323,13:31",13820,0.1057,0.98,4.28,22.9,8,0.37,0.87,18.1,
"0323,13:31",13830,0.0975,1.46,4.28,34.0,8,0.37,1.21,18.1,
"0323,13:31",13840,0.1187,1.2,4.28,27.9,8,0.3,0.84,18.1,
"0323,13:31",13850,0.0939,1.19,4.28,27.7,8,0.31,1.28,18.1,
"0323,13:31",13860,0.0858,1.36,4.28,31.9,8,0.36,1.35,18.1,
"0323,13:31",13870,0.0902,0.52,4.28,12.1,8,0.28,1.11,18.1,
"0323,13:31",13880,0.0915,0.66,4.28,15.5,8,0.31,1.29,18.1,
"0323,13:31",13890,0.077,0.95,4.28,22.2,8,0.34,1.27,18.1,
"0323,13:31",13900,0.0857,1.19,4.32,27.6,8,0.36,0.44,18.0,
"0323,13:31",13910,0.0977,0.46,4.32,10.6,8,0.27,1.14,18.0,
"0323,13:31",13920,0.0953,1.12,4.32,26.0,8,0.33,1.2,18.0,
"0323,13:31",13930,0.0912,0.64,4.32,14.8,8,0.28,0.63,18.0,
"0323,13:31",13940,0.0836,1.11,4.32,25.8,8,0.29,1.09,18.0,
"0323,13:31",13950,0.0982,1.19,4.32,27.6,8,0.31,0.66,18.0,
"0323,13:31",13960,0.1002,1.47,4.32,34.1,8,0.37,1.25,18.0,
"0323,13:31",13970,0.0837,0.69,4.32,16.0,8,0.29,1.25,18.0,
"0323,13:31",13980,0.0943,0.83,4.32,19.2,8,0.31,1.25,18.0,
"0323,13:31",13990,0.0899,1.09,4.32,25.3,8,0.3,1.25,18.0,
"0323,13:31",14000,0.0968,1.39,4.35,31.9,8,0.35,0.73,18.0,
"0323,13:32",14010,0.0953,1.04,4.35,23.8,8,0.37,1.14,18.0,
"0323,13:32",14020,0.104,1.19,4.35,27.3,8,0.34,0.6,18.0,
"0323,13:32",14030,0.0946,1.11,4.35,25.5,8,0.31,1.22,17.9,
"0323,13:32",14040,0.0881,0.99,4.35,22.9,8,0.34,0.64,17.9,
"0323,13:32",14050,0.0909,0.6,4.35,13.7,8,0.36,1.12,17.9,
"0323,13:32",14060,0.0791,1.01,4.35,23.2,8,0.28,1.22,17.9,
"0323,13:32",14070,0.0817,0.71,4.35,16.2,8,0.29,0.88,17.9,
"0323,13:32",14080,0.0834,1.12,4.35,25.7,8,0.36,1.26,17.9,
"0323,13:32",14090,0.0827,0.89,4.35,20.4,8,0.33,1.19,17.9,
"0323,13:32",14100,0.0815,0.93,4.37,21.2,8,0.33,0.54,17.9,
"0323,13:32",14110,0.0915,1.45,4.37,33.2,8,0.38,0.67,17.9,
"0323,13:32",14120,0.099,0.64,4.37,14.7,8,0.29,1.17,17.9,
"0323,13:32",14130,0.1254,0.46,4.37,10.5,8,0.27,0.96,17.9,
"0323,13:32",14140,0.1004,1.42,4.37,32.6,8,0.34,0.7,17.9,
"0323,13:32",14150,0.096,1.46,4.37,33.5,8,0.34,1.23,17.9,
"0323,13:32",14160,0.1214,0.9,4.37,20.5,8,0.28,1.14,17.9,
"0323,13:32",14170,0.0827,0.57,4.37,13.0,8,0.28,0.95,17.9,
"0323,13:32",14180,0.0903,0.65,4.37,14.8,8,0.28,1.26,17.9,
"0323,13:32",14190,0.0911,0.95,4.37,21.7,8,0.34,1.08,17.9,
"0323,13:32",14200,0.0707,1.21,4.39,27.6,8,0.36,0.64,17.8,
"0323,13:32",14210,0.0969,1.29,4.39,29.4,8,0.36,1.22,17.8,
"0323,13:32",14220,0.0967,0.79,4.39,18.0,8,0.34,1.22,17.8,
"0323,13:32",14230,0.0808,0.68,4.39,15.5,8,0.28,1.25,17.8,
"0323,13:32",14240,0.1024,0.99,4.39,22.5,8,0.38,1.04,17.8,
"0323,13:32",14250,0.0826,1.49,4.39,34.0,8,0.37,0.73,17.8,
"0323,13:32",14260,0.0907,1.49,4.39,33.9,8,0.39,0.68,17.8,
"0323,13:32",14270,0.0857,1.2,4.39,27.2,8,0.38,1.22,17.8,
"0323,13:32",14280,0.09,0.67,4.39,15.2,8,0.35,0.94,17.8,
"0323,13:32",14290,0.0996,0.46,4.39,10.5,8,0.27,1.04,17.8,
"0323,13:32",14300,0.0862,1.02,4.42,23.1,8,0.28,0.66,17.8,
"0323,13:32",14310,0.0879,1.14,4.42,25.7,8,0.34,0.61,17.8,
"0323,13:32",14320,0.1019,0.9,4.42,20.4,8,0.33,1.26,17.8,
"0323,13:32",14330,0.092,0.75,4.42,16.9,8,0.33,0.85,17.8,
"0323,13:32",14340,0.0943,1.24,4.42,28.0,8,0.35,1.25,17.8,
"0323,13:32",14350,0.0876,1.17,4.42,26.5,8,0.36,1.24,17.8,
"0323,13:32",14360,0.0933,0.68,4.42,15.5,8,0.31,0.86,17.8,
"0323,13:32",14370,0.0859,1.42,4.42,32.1,8,0.35,0.68,17.7,
"0323,13:32",14380,0.087,1.12,4.42,25.3,8,0.33,0.99,17.7,
"0323,13:32",14390,0.0763,0.69,4.42,15.6,8,0.3,1.08,17.7,
"0323,13:32",14400,0.0972,0.7,4.45,15.7,8,0.33,0.52,17.7,
"0323,13:32",14410,0.1121,1.39,4.45,31.2,8,0.37,0.62,17.7,
"0323,13:32",14420,0.0933,1.5,4.45,33.8,8,0.4,1.22,17.7,
"0323,13:32",14430,0.0799,1.18,4.45,26.6,8,0.32,1.27,17.7,
"0323,13:32",14440,0.0921,1.25,4.45,28.0,8,0.35,1.25,17.7,
"0323,13:32",14450,0.0867,1.02,4.45,23.0,8,0.33,1.05,17.7,
"0323,13:32",14460,0.0935,0.81,4.45,18.3,8,0.34,1.08,17.7,
"0323,13:32",14470,0.0774,1.26,4.45,28.4,8,0.36,1.27,17.7,
"0323,13:32",14480,0.0977,1.18,4.45,26.5,8,0.33,0.85,17.7,
"0323,13:32",14490,0.0892,1.2,4.45,27.0,8,0.29,1.08,17.7,
"0323,13:32",14500,0.0856,1.47,4.47,33.0,8,0.38,0.69,17.7,
"0323,13:32",14510,0.0899,0.86,4.47,19.2,8,0.31,1.1,17.6,
"0323,13:32",14520,0.0965,1.02,4.47,22.9,8,0.34,0.66,17.6,
"0323,13:32",14530,0.0817,1.14,4.47,25.5,8,0.34,1.19,17.6,
"0323,13:32",14540,0.0948,1.39,4.47,31.0,8,0.34,0.85,17.6,
"0323,13:32",14550,0.0994,1.25,4.47,28.0,8,0.35,1.15,17.6,
"0323,13:32",14560,0.0767,0.71,4.47,15.9,8,0.29,0.68,17.6,
"0323,13:32",14570,0.0815,0.82,4.47,18.3,8,0.32,1.18,17.6,
"0323,13:32",14580,0.0786,1.09,4.47,24.4,8,0.29,1.19,17.6,
"0323,13:32",14590,0.088,1.08,4.47,24.1,8,0.35,1.02,17.6,
"0323,13:32",14600,0.0731,0.69,4.51,15.3,8,0.27,0.63,17.6,
"0323,13:32",14610,0.1059,1.13,4.51,25.1,8,0.31,1.19,17.6,
"0323,13:32",14620,0.086,1.06,4.51,23.5,8,0.34,1.16,17.6,
"0323,13:32",14630,0.1112,1.54,4.51,34.0,8,0.38,1.24,17.6,
"0323,13:32",14640,0.0974,0.59,4.51,13.1,8,0.32,1.24,17.6,
"0323,13:32",14650,0.0973,1.18,4.51,26.1,8,0.37,1.34,17.6,
"0323,13:32",14660,0.0845,0.66,4.51,14.6,8,0.28,1.0,17.6,
"0323,13:32",14670,0.092,1.18,4.51,26.1,8,0.3,0.84,17.6,
"0323,13:32",14680,0.0922,1.17,4.51,25.9,8,0.35,1.24,17.6,
"0323,13:32",14690,0.0846,0.67,4.51,14.8,8,0.28,1.23,17.6,
"0323,13:32",14700,0.0833,1.46,4.54,32.2,8,0.37,0.62,17.5,
"0323,13:32",14710,0.097,1.25,4.54,27.5,8,0.37,1.03,17.5,
"0323,13:33",14720,0.1057,1.19,4.54,26.2,8,0.36,1.09,17.5,
"0323,13:33",14730,0.0826,1.14,4.54,25.1,8,0.29,1.07,17.5,
"0323,13:33",14740,0.0891,0.51,4.54,11.1,8,0.28,0.84,17.5,
"0323,13:33",14750,0.1005,1.26,4.54,27.8,8,0.3,1.28,17.5,
"0323,13:33",14760,0.0874,1.46,4.54,32.3,8,0.37,0.77,17.5,
"0323,13:33",14770,0.0802,1.16,4.54,25.7,8,0.37,0.74,17.5,
"0323,13:33",14780,0.0778,1.09,4.54,24.1,8,0.31,0.59,17.5,
"0323,13:33",14790,0.0975,1.17,4.54,25.9,8,0.31,1.07,17.5,
"0323,13:33",14800,0.0817,1.2,4.56,26.3,8,0.36,0.74,17.5,
"0323,13:33",14810,0.1002,1.19,4.56,26.1,8,0.33,0.54,17.5,
"0323,13:33",14820,0.0818,1.07,4.56,23.4,8,0.32,1.16,17.5,
"0323,13:33",14830,0.0969,1.04,4.56,22.9,8,0.38,1.08,17.5,
"0323,13:33",14840,0.0863,0.72,4.56,15.7,8,0.31,0.88,17.5,
"0323,13:33",14850,0.106,1.55,4.56,34.0,8,0.38,1.36,17.5,
"0323,13:33",14860,0.0996,1.22,4.56,26.8,8,0.34,1.27,17.5,
"0323,13:33",14870,0.0791,1.21,4.56,26.6,8,0.32,0.7,17.5,
"0323,13:33",14880,0.0784,1.38,4.56,30.2,8,0.35,1.18,17.4,
"0323,13:33",14890,0.083,1.11,4.56,24.3,8,0.29,0.64,17.4,
"0323,13:33",14900,0.0895,0.87,4.59,19.0,8,0.32,0.73,17.4,
"0323,13:33",14910,0.0761,0.56,4.59,12.3,8,0.28,0.55,17.4,
"0323,13:33",14920,0.0844,1.08,4.59,23.5,8,0.34,1.28,17.4,
"0323,13:33",14930,0.0985,0.58,4.59,12.6,8,0.28,1.25,17.4,
"0323,13:33",14940,0.0909,0.58,4.59,12.7,8,0.29,1.16,17.4,
"0323,13:33",14950,0.0862,0.82,4.59,17.9,8,0.34,1.2,17.4,
"0323,13:33",14960,0.1132,1.02,4.59,22.3,8,0.3,1.25,17.4,
"0323,13:33",14970,0.0869,0.82,4.59,17.9,8,0.34,0.97,17.4,
"0323,13:33",14980,0.0864,0.83,4.59,18.2,8,0.37,0.93,17.4,
"0323,13:33",14990,0.0746,0.99,4.59,21.6,8,0.3,0.99,17.4,
"0323,13:33",15000,0.0818,1.12,4.59,24.4,8,0.31,1.15,17.4,
"0323,13:33",15010,0.0759,0.56,4.59,12.2,8,0.32,1.27,17.0,
"0323,13:33",15020,0.0964,1.34,4.59,29.3,8,0.36,1.27,17.0,
"0323,13:33",15030,0.0807,0.59,4.59,12.9,8,0.29,1.22,16.9,
"0323,13:33",15040,0.0829,1.08,4.59,23.5,8,0.37,1.26,16.9,
"0323,13:33",15050,0.0855,1.19,4.59,25.9,8,0.31,0.66,16.9,
"0323,13:33",15060,0.0688,0.99,4.59,21.6,8,0.3,1.1,16.9,
"0323,13:33",15070,0.0771,1.22,4.59,26.5,8,0.32,1.11,16.9,
"0323,13:33",15080,0.0831,1.2,4.59,26.2,8,0.38,1.26,16.9,
"0323,13:33",15090,0.0771,0.58,4.59,12.7,8,0.29,1.26,16.9,
"0323,13:33",15100,0.0809,1.56,4.59,33.9,8,0.39,1.39,16.9,
"0323,13:33",15110,0.0685,1.08,4.59,23.5,8,0.34,0.98,16.9,
"0323,13:33",15120,0.0845,1.2,4.59,26.1,8,0.37,1.1,16.9,
"0323,13:33",15130,0.0753,1.21,4.59,26.4,8,0.36,1.13,16.9,
"0323,13:33",15140,0.0904,1.34,4.59,29.1,8,0.42,1.28,16.9,
"0323,13:33",15150,0.081,0.7,4.59,15.2,8,0.35,1.01,16.9,
"0323,13:33",15160,0.0694,1.05,4.59,22.9,8,0.33,1.18,16.9,
"0323,13:33",15170,0.1194,0.96,4.59,21.0,8,0.28,0.66,16.9,
"0323,13:33",15180,0.0719,1.1,4.59,24.0,8,0.35,1.24,16.9,
"0323,13:33",15190,0.0855,1.09,4.59,23.9,8,0.41,1.2,16.9,
"0323,13:33",15200,0.0717,0.82,4.59,17.9,8,0.34,1.3,16.9,
"0323,13:34",15210,0.0813,0.87,4.59,18.9,8,0.34,1.0,16.9,
"0323,13:34",15220,0.0819,1.56,4.59,33.9,8,0.39,1.31,16.9,
"0323,13:34",15230,0.0663,1.1,4.59,23.9,8,0.29,1.11,16.9,
"0323,13:34",15240,0.0771,1.2,4.59,26.1,8,0.37,1.12,16.9,
"0323,13:34",15250,0.065,0.68,4.59,14.7,8,0.28,0.95,16.9,
"0323,13:34",15260,0.0794,1.19,4.59,25.9,8,0.31,0.87,16.9,
"0323,13:34",15270,0.0639,0.98,4.59,21.4,8,0.31,1.19,16.9,
"0323,13:34",15280,0.0772,1.07,4.59,23.4,8,0.32,1.25,16.9,
"0323,13:34",15290,0.0775,1.21,4.59,26.4,8,0.35,1.04,16.9,
"0323,13:34",15300,0.0784,1.1,4.59,24.0,8,0.36,1.0,16.9,
"0323,13:34",15310,0.0838,1.23,4.59,26.9,8,0.34,1.3,16.9,
"0323,13:34",15320,0.0609,0.67,4.59,14.7,8,0.32,1.19,16.9,
"0323,13:34",15330,0.0763,1.02,4.59,22.3,8,0.3,0.58,16.9,
"0323,13:34",15340,0.0651,1.19,4.59,25.9,8,0.35,1.23,16.9,
"0323,13:34",15350,0.0903,1.28,4.59,27.9,8,0.38,1.06,16.9,
"0323,13:34",15360,0.084,1.18,4.59,25.7,8,0.36,1.26,16.9,
"0323,13:34",15370,0.0723,1.1,4.59,24.0,8,0.32,1.0,16.9,
"0323,13:34",15380,0.0701,1.12,4.59,24.4,8,0.32,1.29,16.9,
"0323,13:34",15390,0.0684,0.67,4.59,14.6,8,0.29,1.05,16.9,
"0323,13:34",15400,0.0734,0.66,4.59,14.5,8,0.37,1.14,16.8,
"0323,13:34",15410,0.0615,1.01,4.59,21.9,8,0.29,1.02,16.8,
"0323,13:34",15420,0.073,1.05,4.59,22.8,8,0.34,0.54,16.8,
"0323,13:34",15430,0.0737,1.49,4.59,32.5,8,0.34,0.63,16.8,
"0323,13:34",15440,0.0622,0.64,4.59,13.8,8,0.32,1.11,16.8,
"0323,13:34",15450,0.0658,1.08,4.59,23.5,8,0.36,1.2,16.8,
"0323,13:34",15460,0.0721,1.11,4.59,24.2,8,0.29,0.57,16.8,
"0323,13:34",15470,0.0672,1.32,4.59,28.7,8,0.37,1.29,16.8,
"0323,13:34",15480,0.079,1.28,4.59,27.9,8,0.3,1.28,16.8,
"0323,13:34",15490,0.057,0.63,4.59,13.8,8,0.36,1.01,16.8,
"0323,13:34",15500,0.0798,1.14,4.59,25.0,8,0.33,0.68,16.8,
"0323,13:34",15510,0.0829,1.57,4.59,34.3,8,0.41,0.64,16.8,
"0323,13:34",15520,0.0804,1.2,4.59,26.1,8,0.3,0.55,16.8,
"0323,13:34",15530,0.0693,1.2,4.59,26.2,8,0.38,1.19,16.8,
"0323,13:34",15540,0.0749,0.98,4.59,21.4,8,0.32,1.24,16.8,
"0323,13:34",15550,0.0771,1.03,4.59,22.5,8,0.33,0.55,16.8,
"0323,13:34",15560,0.0614,1.18,4.59,25.7,8,0.34,0.76,16.8,
"0323,13:34",15570,0.0771,1.23,4.59,26.9,8,0.34,1.26,16.8,
"0323,13:34",15580,0.0652,1.43,4.59,31.2,8,0.34,0.72,16.8,
"0323,13:34",15590,0.0835,1.1,4.59,24.0,8,0.32,1.09,16.8,
"0323,13:34",15600,0.0691,0.93,4.59,20.3,8,0.33,1.13,16.8,
"0323,13:34",15610,0.0697,1.14,4.59,25.0,8,0.33,1.23,16.8,
"0323,13:34",15620,0.0605,1.18,4.59,25.7,8,0.3,1.16,16.8,
"0323,13:34",15630,0.0673,1.46,4.59,31.9,8,0.34,0.65,16.8,
"0323,13:34",15640,0.0726,0.66,4.59,14.5,8,0.37,1.28,16.8,
"0323,13:34",15650,0.0681,0.83,4.59,18.2,8,0.38,0.95,16.8,
"0323,13:34",15660,0.0639,1.3,4.59,28.3,8,0.35,1.08,16.8,
"0323,13:34",15670,0.0758,1.55,4.59,33.8,8,0.4,1.24,16.8,
"0323,13:34",15680,0.0709,0.67,4.59,14.5,8,0.32,1.23,16.8,
"0323,13:34",15690,0.0659,1.55,4.59,33.9,8,0.37,0.73,16.8,
"0323,13:34",15700,0.0658,0.58,4.59,12.6,8,0.28,0.93,16.8,
"0323,13:34",15710,0.0783,1.37,4.59,29.8,8,0.31,1.28,16.8,
"0323,13:34",15720,0.0756,0.73,4.59,15.8,8,0.29,0.58,16.8,
"0323,13:34",15730,0.0639,1.26,4.59,27.5,8,0.37,1.05,16.8,
"0323,13:34",15740,0.0604,1.41,4.59,30.7,8,0.33,0.76,16.8,
"0323,13:34",15750,0.0683,1.48,4.59,32.3,8,0.37,0.71,16.8,
"0323,13:34",15760,0.0709,1.37,4.59,29.8,8,0.31,0.6,16.8,
"0323,13:34",15770,0.069,1.11,4.59,24.2,8,0.29,1.12,16.8,
"0323,13:34",15780,0.0702,1.1,4.59,23.9,8,0.28,0.66,16.7,
"0323,13:34",15790,0.0525,1.05,4.59,22.9,8,0.32,1.27,16.7,
"0323,13:34",15800,0.0642,1.37,4.59,29.8,8,0.35,1.25,16.7,
"0323,13:34",15810,0.0696,1.18,4.59,25.7,8,0.3,1.24,16.7,
"0323,13:34",15820,0.0791,1.34,4.59,29.3,8,0.36,1.18,16.7,
"0323,13:34",15830,0.059,1.26,4.59,27.5,8,0.36,1.2,16.7,
"0323,13:34",15840,0.0726,1.02,4.59,22.3,8,0.29,1.22,16.7,
"0323,13:34",15850,0.0633,1.18,4.59,25.6,8,0.37,0.69,16.7,
"0323,13:34",15860,0.0702,0.51,4.59,11.2,8,0.29,1.18,16.7,
"0323,13:34",15870,0.0687,1.47,4.59,32.0,8,0.35,0.86,16.7,
"0323,13:34",15880,0.0742,1.26,4.59,27.5,8,0.31,1.26,16.7,
"0323,13:34",15890,0.0717,1.09,4.59,23.9,8,0.41,1.08,16.7,
"0323,13:34",15900,0.0542,1.03,4.59,22.4,8,0.36,1.2,16.7,
"0323,13:34",15910,0.0825,1.16,4.59,25.3,8,0.31,0.64,16.7,
"0323,13:34",15920,0.0569,1.17,4.59,25.4,8,0.34,1.22,16.7,
"0323,13:34",15930,0.0601,1.2,4.59,26.2,8,0.38,1.26,16.7,
"0323,13:34",15940,0.0677,1.26,4.59,27.5,8,0.31,1.26,16.7,
"0323,13:34",15950,0.0621,0.7,4.59,15.3,8,0.33,1.1,16.7,
"0323,13:34",15960,0.0571,1.16,4.59,25.3,8,0.33,1.13,16.7,
"0323,13:34",15970,0.0784,1.1,4.59,24.1,8,0.29,1.29,16.7,
"0323,13:34",15980,0.0724,1.05,4.59,22.9,8,0.37,0.91,16.7,
"0323,13:34",15990,0.0643,0.72,4.59,15.7,8,0.31,1.02,16.7,
"0323,13:34",16000,0.0657,1.29,4.59,28.1,8,0.35,1.29,16.7,
"0323,13:34",16010,0.0616,0.7,4.59,15.3,8,0.28,0.62,16.7,
"0323,13:34",16020,0.0695,0.5,4.59,10.8,8,0.27,0.94,16.7,
"0323,13:35",16030,0.0687,0.63,4.59,13.8,8,0.36,1.11,16.7,
"0323,13:35",16040,0.0747,0.98,4.59,21.4,8,0.33,1.29,16.7,
"0323,13:35",16050,0.0685,0.83,4.59,18.2,8,0.37,1.23,16.7,
"0323,13:35",16060,0.0664,0.58,4.59,12.6,8,0.27,1.0,16.7,
"0323,13:35",16070,0.0609,1.26,4.59,27.5,8,0.37,1.21,16.7,
"0323,13:35",16080,0.0615,1.13,4.59,24.6,8,0.32,0.81,16.7,
"0323,13:35",16090,0.064,1.11,4.59,24.2,8,0.29,1.17,16.7,
"0323,13:35",16100,0.0669,0.68,4.59,14.7,8,0.28,1.2,16.7,
"0323,13:35",16110,0.0567,1.18,4.59,25.6,8,0.37,1.18,16.7,
"0323,13:35",16120,0.0715,1.62,4.59,35.3,8,0.38,0.68,16.7,
"0323,13:35",16130,0.0669,0.98,4.59,21.3,8,0.33,1.3,16.7,
"0323,13:35",16140,0.0625,0.54,4.59,11.9,8,0.28,1.01,16.7,
"0323,13:35",16150,0.0625,0.87,4.59,18.9,8,0.34,1.22,16.7,
"0323,13:35",16160,0.0807,1.2,4.59,26.2,8,0.36,1.2,16.7,
"0323,13:35",16170,0.0616,1.01,4.59,22.1,8,0.34,1.28,16.7,
"0323,13:35",16180,0.0794,0.5,4.59,10.8,8,0.27,1.24,16.7,
"0323,13:35",16190,0.0709,0.64,4.59,13.8,8,0.32,1.18,16.6,
"0323,13:35",16200,0.0718,1.03,4.59,22.5,8,0.38,0.92,16.6,
"0323,13:35",16210,0.0638,1.52,4.59,33.1,8,0.38,0.66,16.6,
"0323,13:35",16220,0.0741,1.28,4.59,27.8,8,0.38,1.18,16.6,
"0323,13:35",16230,0.0564,0.67,4.59,14.5,8,0.32,1.25,16.6,
"0323,13:35",16240,0.0714,1.34,4.59,29.1,8,0.42,1.24,16.6,
"0323,13:35",16250,0.0715,0.99,4.59,21.6,8,0.35,1.09,16.6,
"0323,13:35",16260,0.0813,1.56,4.59,34.0,8,0.38,1.31,16.6,
"0323,13:35",16270,0.0635,1.18,4.59,25.8,8,0.31,1.12,16.6,
"0323,13:35",16280,0.0743,1.21,4.59,26.4,8,0.35,1.11,16.6,
"0323,13:35",16290,0.085,1.31,4.59,28.5,8,0.3,1.22,16.6,
"0323,13:35",16300,0.0608,1.16,4.59,25.3,8,0.33,1.1,16.6,
"0323,13:35",16310,0.0747,1.23,4.59,26.8,8,0.35,0.61,16.6,
"0323,13:35",16320,0.0592,1.1,4.59,23.9,8,0.28,0.65,16.6,
"0323,13:35",16330,0.074,1.23,4.59,26.9,8,0.34,1.24,16.6,
"0323,13:35",16340,0.0681,1.11,4.59,24.2,8,0.29,0.69,16.6,
"0323,13:35",16350,0.0742,0.88,4.59,19.1,8,0.31,0.47,16.6,
"0323,13:35",16360,0.0599,1.08,4.59,23.5,8,0.37,1.25,16.6,
"0323,13:35",16370,0.0571,0.59,4.59,12.9,8,0.27,1.14,16.6,
"0323,13:35",16380,0.0608,1.01,4.59,21.9,8,0.29,0.62,16.6,
"0323,13:35",16390,0.0644,1.11,4.59,24.2,8,0.31,1.11,16.6,
"0323,13:35",16400,0.0545,0.56,4.59,12.2,8,0.32,1.06,16.6,
"0323,13:35",16410,0.0576,0.64,4.59,13.9,8,0.29,1.25,16.6,
"0323,13:35",16420,0.0517,1.26,4.59,27.5,8,0.36,0.92,16.6,
"0323,13:35",16430,0.0613,1.52,4.59,33.1,8,0.38,0.71,16.6,
"0323,13:35",16440,0.0767,1.62,4.59,35.3,8,0.38,0.69,16.6,
"0323,13:35",16450,0.0631,1.08,4.59,23.5,8,0.34,1.22,16.6,
"0323,13:35",16460,0.0682,1.42,4.59,30.9,8,0.34,0.8,16.6,
"0323,13:35",16470,0.062,1.29,4.59,28.1,8,0.35,1.14,16.6,
"0323,13:35",16480,0.0706,1.03,4.59,22.5,8,0.38,1.15,16.6,
"0323,13:35",16490,0.0647,1.02,4.59,22.2,8,0.3,1.27,16.6,
"0323,13:35",16500,0.0658,1.52,4.59,33.1,8,0.38,1.36,16.6,
"0323,13:35",16510,0.0681,0.71,4.59,15.5,8,0.37,1.24,16.6,
"0323,13:35",16520,0.0576,0.7,4.59,15.3,8,0.33,1.27,16.6,
"0323,13:35",16530,0.0708,0.59,4.59,12.9,8,0.29,0.87,16.6,
"0323,13:35",16540,0.065,1.55,4.59,33.8,8,0.41,0.9,16.6,
"0323,13:35",16550,0.0845,1.37,4.59,29.8,8,0.31,0.69,16.6,
"0323,13:35",16560,0.0696,0.88,4.59,19.1,8,0.32,1.22,16.6,
"0323,13:35",16570,0.0668,1.29,4.59,28.2,8,0.39,1.28,16.6,
"0323,13:35",16580,0.0618,0.73,4.59,15.8,8,0.29,1.04,16.6,
"0323,13:35",16590,0.0617,0.82,4.59,17.9,8,0.34,0.92,16.6,
"0323,13:35",16600,0.058,1.11,4.59,24.2,8,0.31,1.04,16.6,
"0323,13:35",16610,0.0638,1.52,4.59,33.1,8,0.38,0.96,16.6,
"0323,13:35",16620,0.059,0.98,4.59,21.3,8,0.33,1.27,16.6,
"0323,13:35",16630,0.077,1.1,4.59,24.0,8,0.35,1.05,16.6,
"0323,13:35",16640,0.0617,0.58,4.59,12.6,8,0.27,1.03,16.5,
"0323,13:35",16650,0.056,0.73,4.59,15.9,8,0.29,1.21,16.5,
"0323,13:35",16660,0.0668,1.18,4.59,25.7,8,0.36,0.55,16.5,
"0323,13:35",16670,0.0707,1.55,4.59,33.9,8,0.38,0.66,16.5,
"0323,13:35",16680,0.0718,1.09,4.59,23.9,8,0.41,1.03,16.5,
"0323,13:35",16690,0.0609,0.71,4.59,15.4,8,0.28,1.18,16.5,
"0323,13:35",16700,0.0681,1.47,4.59,32.0,8,0.37,1.3,16.5,
"0323,13:35",16710,0.0568,1.22,4.59,26.5,8,0.33,1.31,16.5,
"0323,13:35",16720,0.0588,0.6,4.59,13.2,8,0.32,1.02,16.5,
"0323,13:35",16730,0.0793,0.53,4.59,11.6,8,0.3,1.25,16.5,
"0323,13:35",16740,0.0638,0.58,4.59,12.6,8,0.27,1.26,16.5,
"0323,13:35",16750,0.0602,1.2,4.59,26.1,8,0.37,1.21,16.5,
"0323,13:35",16760,0.0677,0.59,4.59,12.9,8,0.3,0.8,16.5,
"0323,13:35",16770,0.065,0.51,4.59,11.2,8,0.29,0.84,16.5,
"0323,13:35",16780,0.058,1.1,4.59,23.9,8,0.28,0.58,16.5,
"0323,13:35",16790,0.0784,1.13,4.59,24.7,8,0.37,1.26,16.5,
"0323,13:35",16800,0.0664,1.56,4.59,33.9,8,0.39,1.27,16.5,
"0323,13:35",16810,0.0556,1.08,4.59,23.5,8,0.34,1.17,16.5,
"0323,13:35",16820,0.0619,1.41,4.59,30.7,8,0.33,0.73,16.5,
"0323,13:35",16830,0.0603,0.6,4.59,13.2,8,0.32,1.06,16.5,
"0323,13:36",16840,0.0707,0.7,4.59,15.2,8,0.35,1.28,16.5,
"0323,13:36",16850,0.0614,0.65,4.59,14.1,8,0.31,1.28,16.5,
"0323,13:36",16860,0.083,0.96,4.59,21.0,8,0.28,0.6,16.5,
"0323,13:36",16870,0.0744,1.31,4.59,28.5,8,0.3,0.63,16.5,
"0323,13:36",16880,0.0585,0.82,4.59,17.9,8,0.34,1.13,16.5,
"0323,13:36",16890,0.0702,1.22,4.59,26.5,8,0.33,1.18,16.5,
"0323,13:36",16900,0.0668,1.11,4.59,24.2,8,0.29,1.09,16.5,
"0323,13:36",16910,0.0666,0.54,4.59,11.9,8,0.29,1.28,16.5,
"0323,13:36",16920,0.0562,1.07,4.59,23.4,8,0.28,1.26,16.5,
"0323,13:36",16930,0.0697,1.02,4.59,22.3,8,0.3,1.22,16.5,
"0323,13:36",16940,0.0552,1.17,4.59,25.4,8,0.34,1.17,16.5,
"0323,13:36",16950,0.0622,0.83,4.59,18.1,8,0.32,0.92,16.5,
"0323,13:36",16960,0.063,1.1,4.59,24.0,8,0.32,1.31,16.5,
"0323,13:36",16970,0.0499,1.3,4.59,28.3,8,0.36,1.2,16.5,
"0323,13:36",16980,0.0715,1.28,4.59,27.8,8,0.38,1.18,16.5,
"0323,13:36",16990,0.0639,0.54,4.59,11.8,8,0.31,1.27,16.5,
"0323,13:36",17000,0.0679,1.2,4.59,26.1,8,0.3,0.69,16.5,
"0323,13:36",17010,0.0583,1.07,4.59,23.4,8,0.32,1.29,16.5,
"0323,13:36",17020,0.0715,1.52,4.59,33.1,8,0.38,0.7,16.5,
"0323,13:36",17030,0.0582,0.51,4.59,11.2,8,0.28,1.11,16.5,
"0323,13:36",17040,0.0589,1.05,4.59,22.9,8,0.33,1.2,16.5,
"0323,13:36",17050,0.0598,1.13,4.59,24.6,8,0.32,0.77,16.5,
"0323,13:36",17060,0.0785,1.34,4.59,29.1,8,0.42,1.27,16.5,
"0323,13:36",17070,0.0723,0.54,4.59,11.8,8,0.31,0.94,16.5,
"0323,13:36",17080,0.0581,1.33,4.59,29.0,8,0.32,0.69,16.5,
"0323,13:36",17090,0.0684,1.19,4.59,25.9,8,0.31,0.58,16.4,
"0323,13:36",17100,0.0669,0.5,4.59,10.8,8,0.27,1.06,16.4,
"0323,13:36",17110,0.058,1.13,4.59,24.6,8,0.32,1.2,16.4,
"0323,13:36",17120,0.0709,0.49,4.59,10.6,8,0.27,0.86,16.4,
"0323,13:36",17130,0.0647,1.37,4.59,29.8,8,0.31,0.83,16.4,
"0323,13:36",17140,0.0613,1.45,4.59,31.6,8,0.37,1.28,16.4,
"0323,13:36",17150,0.0552,0.97,4.59,21.2,8,0.38,1.28,16.4,
"0323,13:36",17160,0.0607,1.1,4.59,24.0,8,0.32,1.1,16.4,
"0323,13:36",17170,0.058,0.7,4.59,15.3,8,0.32,1.15,16.4,
"0323,13:36",17180,0.0618,1.43,4.59,31.2,8,0.34,0.64,16.4,
"0323,13:36",17190,0.0589,0.93,4.59,20.3,8,0.33,1.08,16.4,
"0323,13:36",17200,0.0863,1.22,4.59,26.5,8,0.35,1.17,16.4,
"0323,13:36",17210,0.0609,1.24,4.59,27.0,8,0.29,1.28,16.4,
"0323,13:36",17220,0.0746,1.57,4.59,34.3,8,0.41,0.63,16.4,
"0323,13:36",17230,0.0717,1.18,4.59,25.7,8,0.36,0.87,16.4,
"0323,13:36",17240,0.0786,0.98,4.59,21.4,8,0.32,1.1,16.4,
"0323,13:36",17250,0.0646,1.18,4.59,25.7,8,0.36,0.8,16.4,
"0323,13:36",17260,0.0631,0.87,4.59,18.9,8,0.34,0.98,16.4,
"0323,13:36",17270,0.0649,0.59,4.59,12.9,8,0.29,1.28,16.4,
"0323,13:36",17280,0.0586,1.45,4.59,31.5,8,0.36,0.64,16.4,
"0323,13:36",17290,0.0686,0.5,4.59,10.8,8,0.27,0.93,16.4,
"0323,13:36",17300,0.064,1.47,4.59,32.0,8,0.36,0.72,16.4,
"0323,13:36",17310,0.07,1.55,4.59,33.9,8,0.34,1.24,16.4,
"0323,13:36",17320,0.0647,1.21,4.59,26.4,8,0.35,1.03,16.4,
"0323,13:36",17330,0.0619,1.13,4.59,24.6,8,0.32,0.69,16.4,
"0323,13:36",17340,0.0577,1.21,4.59,26.4,8,0.36,1.03,16.4,
"0323,13:36",17350,0.0623,0.98,4.59,21.3,8,0.33,1.29,16.4,
"0323,13:36",17360,0.0628,0.97,4.59,21.2,8,0.38,0.98,16.4,
"0323,13:36",17370,0.0677,0.73,4.59,15.9,8,0.33,1.26,16.4,
"0323,13:36",17380,0.0771,0.56,4.59,12.2,8,0.28,0.83,16.4,
"0323,13:36",17390,0.0647,1.22,4.59,26.6,8,0.32,0.75,16.4,
"0323,13:36",17400,0.0788,1.28,4.59,27.8,8,0.38,1.16,16.4,
"0323,13:36",17410,0.0534,0.67,4.59,14.6,8,0.28,0.97,16.4,
"0323,13:36",17420,0.0599,1.2,4.59,26.2,8,0.38,1.31,16.4,
"0323,13:36",17430,0.0678,1.23,4.59,26.9,8,0.34,1.19,16.4,
"0323,13:36",17440,0.0638,0.84,4.59,18.3,8,0.35,1.25,16.4,
"0323,13:36",17450,0.0667,1.2,4.59,26.2,8,0.33,0.63,16.4,
"0323,13:36",17460,0.0595,1.24,4.59,27.0,8,0.29,1.06,16.4,
"0323,13:36",17470,0.0637,1.57,4.59,34.3,8,0.41,0.6,16.4,
"0323,13:36",17480,0.0563,1.08,4.59,23.5,8,0.34,0.91,16.4,
"0323,13:36",17490,0.0605,0.97,4.59,21.2,8,0.38,1.25,16.4,
"0323,13:36",17500,0.0601,0.82,4.59,17.9,8,0.34,1.1,16.4,
"0323,13:36",17510,0.0654,1.19,4.59,25.9,8,0.35,1.23,16.4,
"0323,13:36",17520,0.06,1.46,4.59,31.9,8,0.35,0.66,16.4,
"0323,13:36",17530,0.0633,0.58,4.59,12.6,8,0.28,1.2,16.4,
"0323,13:36",17540,0.0598,0.82,4.59,17.9,8,0.34,1.04,16.4,
"0323,13:36",17550,0.0764,0.54,4.59,11.8,8,0.31,1.15,16.4,
"0323,13:36",17560,0.0567,0.58,4.59,12.6,8,0.27,1.1,16.4,
"0323,13:36",17570,0.0581,1.39,4.59,30.2,8,0.35,1.27,16.4,
"0323,13:36",17580,0.0573,1.45,4.59,31.6,8,0.37,1.27,16.3,
"0323,13:36",17590,0.0543,0.88,4.59,19.1,8,0.38,1.25,16.3,
"0323,13:36",17600,0.0614,0.7,4.59,15.3,8,0.29,1.22,16.3,
"0323,13:36",17610,0.0602,0.71,4.59,15.4,8,0.27,1.27,16.3,
"0323,13:36",17620,0.0653,0.65,4.59,14.1,8,0.31,0.86,16.3,
"0323,13:36",17630,0.0596,0.93,4.59,20.3,8,0.33,1.2,16.3,
"0323,13:36",17640,0.0581,1.37,4.59,29.8,8,0.35,0.68,16.3,
"0323,13:37",17650,0.0616,0.71,4.59,15.5,8,0.37,1.31,16.3,
"0323,13:37",17660,0.0643,1.31,4.59,28.5,8,0.35,1.32,16.3,
"0323,13:37",17670,0.0665,1.26,4.59,27.5,8,0.36,1.33,16.3,
"0323,13:37",17680,0.086,1.22,4.59,26.5,8,0.35,0.83,16.3,
"0323,13:37",17690,0.0695,0.98,4.59,21.4,8,0.32,0.97,16.3,
"0323,13:37",17700,0.0684,1.45,4.59,31.5,8,0.36,0.75,16.3,
"0323,13:37",17710,0.0634,1.49,4.59,32.5,8,0.35,1.31,16.3,
"0323,13:37",17720,0.0611,1.19,4.59,25.9,8,0.3,1.17,16.3,
"0323,13:37",17730,0.072,1.62,4.59,35.3,8,0.38,0.79,16.3,
"0323,13:37",17740,0.062,1.05,4.59,22.9,8,0.33,1.12,16.3,
"0323,13:37",17750,0.084,1.22,4.59,26.5,8,0.35,1.27,16.3,
"0323,13:37",17760,0.0535,1.18,4.59,25.6,8,0.37,1.31,16.3,
"0323,13:37",17770,0.0543,0.7,4.59,15.3,8,0.32,1.04,16.3,
"0323,13:37",17780,0.0539,1.3,4.59,28.3,8,0.36,1.14,16.3,
"0323,13:37",17790,0.068,1.28,4.59,27.9,8,0.3,0.66,16.3,
"0323,13:37",17800,0.0559,0.72,4.59,15.6,8,0.3,1.26,16.3,
"0323,13:37",17810,0.0557,1.2,4.59,26.1,8,0.3,0.93,16.3,
"0323,13:37",17820,0.0566,1.05,4.59,22.9,8,0.33,0.74,16.3,
"0323,13:37",17830,0.0619,1.49,4.59,32.5,8,0.35,1.24,16.3,
"0323,13:37",17840,0.0796,1.57,4.59,34.3,8,0.41,1.34,16.3,
"0323,13:37",17850,0.0629,1.02,4.59,22.2,8,0.3,1.16,16.3,
"0323,13:37",17860,0.0697,1.18,4.59,25.7,8,0.36,1.35,16.3,
"0323,13:37",17870,0.0655,0.67,4.59,14.5,8,0.32,1.25,16.3,
"0323,13:37",17880,0.0507,0.74,4.59,16.1,8,0.29,1.08,16.3,
"0323,13:37",17890,0.0638,1.54,4.59,33.6,8,0.35,1.27,16.3,
"0323,13:37",17900,0.059,0.99,4.59,21.6,8,0.3,1.28,16.3,
"0323,13:37",17910,0.0714,1.02,4.59,22.3,8,0.3,1.28,16.3,
"0323,13:37",17920,0.0611,1.03,4.59,22.5,8,0.38,1.11,16.3,
"0323,13:37",17930,0.0723,1.13,4.59,24.7,8,0.37,1.23,16.3,
"0323,13:37",17940,0.0569,0.58,4.59,12.6,8,0.28,1.23,16.3,
"0323,13:37",17950,0.0679,1.41,4.59,30.7,8,0.33,0.86,16.3,
"0323,13:37",17960,0.0633,1.26,4.59,27.5,8,0.37,1.16,16.3,
"0323,13:37",17970,0.0472,1.22,4.59,26.5,8,0.32,1.21,16.3,
"0323,13:37",17980,0.0678,1.1,4.59,24.0,8,0.35,1.17,16.3,
"0323,13:37",17990,0.0591,0.99,4.59,21.6,8,0.3,1.3,16.3,
"0323,13:37",18000,0.068,1.23,4.59,26.8,8,0.35,1.33,16.3,
"0323,13:37",18010,0.0676,1.49,4.59,32.5,8,0.35,0.87,16.3,
"0323,13:37",18020,0.069,0.83,4.59,18.2,8,0.38,1.26,16.3,
"0323,13:37",18030,0.0624,1.2,4.59,26.2,8,0.34,0.87,16.3,
"0323,13:37",18040,0.0624,1.45,4.59,31.6,8,0.37,0.81,16.3,
"0323,13:37",18050,0.0561,1.18,4.59,25.6,8,0.37,1.12,16.3,
"0323,13:37",18060,0.0625,1.05,4.59,22.8,8,0.34,0.78,16.3,
"0323,13:37",18070,0.0696,1.13,4.59,24.6,8,0.32,1.01,16.3,
"0323,13:37",18080,0.0544,1.05,4.59,22.9,8,0.33,0.75,16.3,
"0323,13:37",18090,0.0605,0.88,4.59,19.1,8,0.38,1.2,16.2,
"0323,13:37",18100,0.0548,1.33,4.59,29.0,8,0.32,0.64,16.2,
"0323,13:37",18110,0.0591,1.01,4.59,21.9,8,0.29,0.99,16.2,
"0323,13:37",18120,0.0619,0.6,4.59,13.2,8,0.32,1.02,16.2,
"0323,13:37",18130,0.0611,0.87,4.59,18.9,8,0.36,1.26,16.2,
"0323,13:37",18140,0.0641,0.98,4.59,21.3,8,0.33,1.18,16.2,
"0323,13:37",18150,0.0666,1.31,4.59,28.5,8,0.35,1.31,16.2,
"0323,13:37",18160,0.0634,0.67,4.59,14.5,8,0.32,0.96,16.2,
"0323,13:37",18170,0.0554,0.68,4.59,14.7,8,0.28,1.24,16.2,
"0323,13:37",18180,0.0613,0.67,4.59,14.7,8,0.32,0.93,16.2,
"0323,13:37",18190,0.0644,0.7,4.59,15.2,8,0.35,0.96,16.2,
"0323,13:37",18200,0.0687,1.19,4.59,25.9,8,0.3,0.71,16.2,
"0323,13:37",18210,0.0577,1.45,4.59,31.5,8,0.36,0.71,16.2,
"0323,13:37",18220,0.056,1.26,4.59,27.5,8,0.36,0.51,16.2,
"0323,13:37",18230,0.0594,0.84,4.59,18.3,8,0.32,1.15,16.2,
"0323,13:37",18240,0.0655,1.62,4.59,35.3,8,0.38,1.33,16.2,
"0323,13:37",18250,0.0591,0.51,4.59,11.2,8,0.28,1.24,16.2,
"0323,13:37",18260,0.0587,0.83,4.59,18.2,8,0.38,1.03,16.2,
"0323,13:37",18270,0.0578,0.98,4.59,21.3,8,0.33,1.1,16.2,
"0323,13:37",18280,0.0619,0.58,4.59,12.7,8,0.29,1.2,16.2,
"0323,13:37",18290,0.0713,1.57,4.59,34.3,8,0.41,0.7,16.2,
"0323,13:37",18300,0.0611,1.05,4.59,22.8,8,0.34,0.68,16.2,
"0323,13:37",18310,0.058,0.73,4.59,15.9,8,0.29,1.04,16.2,
"0323,13:37",18320,0.0719,1.26,4.59,27.5,8,0.31,1.3,16.2,
"0323,13:37",18330,0.0553,1.01,4.59,21.9,8,0.29,1.02,16.2,
"0323,13:37",18340,0.0627,1.11,4.59,24.2,8,0.29,0.52,16.2,
"0323,13:37",18350,0.0543,1.13,4.59,24.6,8,0.32,1.01,16.2,
"0323,13:37",18360,0.0596,1.01,4.59,22.1,8,0.34,1.25,16.2,
"0323,13:37",18370,0.0648,0.54,4.59,11.8,8,0.31,1.29,16.2,
"0323,13:37",18380,0.0695,1.03,4.59,22.5,8,0.38,1.18,16.2,
"0323,13:37",18390,0.0572,0.67,4.59,14.6,8,0.29,0.64,16.2,
"0323,13:37",18400,0.0693,0.56,4.59,12.2,8,0.28,0.86,16.2,
"0323,13:37",18410,0.0608,1.41,4.59,30.7,8,0.33,0.78,16.2,
"0323,13:37",18420,0.0654,0.72,4.59,15.6,8,0.3,1.27,16.2,
"0323,13:37",18430,0.0572,1.29,4.59,28.2,8,0.38,1.21,16.2,
"0323,13:37",18440,0.0659,1.02,4.59,22.3,8,0.3,1.18,16.2,
"0323,13:37",18450,0.0529,1.07,4.59,23.4,8,0.28,1.25,16.2,
"0323,13:38",18460,0.0611,1.52,4.59,33.1,8,0.38,0.9,16.2,
"0323,13:38",18470,0.0574,0.73,4.59,15.8,8,0.29,1.13,16.2,
"0323,13:38",18480,0.077,1.23,4.59,26.8,8,0.35,0.69,16.2,
"0323,13:38",18490,0.0591,1.11,4.59,24.2,8,0.29,0.58,16.2,
"0323,13:38",18500,0.0642,1.49,4.59,32.5,8,0.35,0.82,16.2,
"0323,13:38",18510,0.0569,0.82,4.59,17.9,8,0.34,0.89,16.2,
"0323,13:38",18520,0.0563,1.18,4.59,25.8,8,0.31,0.63,16.2,
"0323,13:38",18530,0.0532,0.87,4.59,18.9,8,0.36,0.97,16.2,
"0323,13:38",18540,0.0558,1.11,4.59,24.2,8,0.31,1.27,16.2,
"0323,13:38",18550,0.0593,0.98,4.59,21.4,8,0.31,1.03,16.2,
"0323,13:38",18560,0.0604,0.67,4.59,14.5,8,0.32,1.14,16.2,
"0323,13:38",18570,0.0586,1.1,4.59,24.0,8,0.35,0.8,16.2,
"0323,13:38",18580,0.0619,0.99,4.59,21.6,8,0.34,1.31,16.2,
"0323,13:38",18590,0.0677,1.62,4.59,35.3,8,0.38,0.88,16.2,
"0323,13:38",18600,0.0613,1.19,4.59,25.9,8,0.31,0.46,16.2,
"0323,13:38",18610,0.0573,0.64,4.59,13.9,8,0.29,0.91,16.2,
"0323,13:38",18620,0.0571,1.18,4.59,25.8,8,0.31,1.23,16.2,
"0323,13:38",18630,0.0556,0.64,4.59,13.8,8,0.32,1.25,16.2,
"0323,13:38",18640,0.0659,1.55,4.59,33.9,8,0.35,1.31,16.2,
"0323,13:38",18650,0.0528,0.59,4.59,12.9,8,0.29,1.07,16.2,
"0323,13:38",18660,0.0527,0.72,4.59,15.8,8,0.28,1.21,16.2,
"0323,13:38",18670,0.0532,1.17,4.59,25.4,8,0.34,1.26,16.1,
"0323,13:38",18680,0.0543,1.08,4.59,23.5,8,0.34,1.16,16.1,
"0323,13:38",18690,0.0709,1.23,4.59,26.9,8,0.35,1.31,16.1,
"0323,13:38",18700,0.0587,1.19,4.59,25.9,8,0.35,1.17,16.1,
"0323,13:38",18710,0.0731,1.34,4.59,29.3,8,0.36,1.31,16.1,
"0323,13:38",18720,0.056,0.58,4.59,12.7,8,0.28,0.86,16.1,
"0323,13:38",18730,0.067,0.98,4.59,21.4,8,0.32,1.06,16.1,
"0323,13:38",18740,0.0572,1.16,4.59,25.3,8,0.33,1.18,16.1,
"0323,13:38",18750,0.0571,0.82,4.59,17.9,8,0.34,0.92,16.1,
"0323,13:38",18760,0.0598,0.64,4.59,13.8,8,0.32,0.92,16.1,
"0323,13:38",18770,0.0555,1.18,4.59,25.8,8,0.31,0.72,16.1,
"0323,13:38",18780,0.0578,0.7,4.59,15.3,8,0.33,1.24,16.1,
"0323,13:38",18790,0.0564,0.72,4.59,15.8,8,0.28,0.64,16.1,
"0323,13:38",18800,0.0746,1.22,4.59,26.5,8,0.35,1.09,16.1,
"0323,13:38",18810,0.0618,0.98,4.59,21.4,8,0.31,1.31,16.1,
"0323,13:38",18820,0.0544,0.93,4.59,20.3,8,0.33,1.21,16.1,
"0323,13:38",18830,0.0691,1.29,4.59,28.2,8,0.3,0.65,16.1,
"0323,13:38",18840,0.0648,1.62,4.59,35.3,8,0.38,1.29,16.1,
"0323,13:38",18850,0.0721,1.28,4.59,27.9,8,0.38,1.21,16.1,
"0323,13:38",18860,0.0659,1.55,4.59,33.9,8,0.34,1.3,16.1,
"0323,13:38",18870,0.0588,0.77,4.59,16.9,8,0.33,0.87,16.1,
"0323,13:38",18880,0.0643,1.55,4.59,33.8,8,0.4,1.23,16.1,
"0323,13:38",18890,0.0668,1.26,4.59,27.5,8,0.31,0.49,16.1,
"0323,13:38",18900,0.0729,1.03,4.59,22.5,8,0.33,1.15,16.1,
"0323,13:38",18910,0.0555,1.17,4.59,25.4,8,0.34,1.21,16.1,
"0323,13:38",18920,0.0577,0.54,4.59,11.9,8,0.29,1.17,16.1,
"0323,13:38",18930,0.0596,1.31,4.59,28.5,8,0.35,1.26,16.1,
"0323,13:38",18940,0.064,0.98,4.59,21.4,8,0.31,1.16,16.1,
"0323,13:38",18950,0.053,0.67,4.59,14.7,8,0.32,1.18,16.1,
"0323,13:38",18960,0.0625,0.58,4.59,12.7,8,0.29,1.25,16.1,
"0323,13:38",18970,0.0723,1.01,4.59,21.9,8,0.29,1.01,16.1,
"0323,13:38",18980,0.0526,0.72,4.59,15.7,8,0.31,1.05,16.1,
"0323,13:38",18990,0.0681,1.02,4.59,22.2,8,0.3,1.05,16.1,
"0323,13:38",19000,0.0538,0.98,4.59,21.3,8,0.33,1.19,16.1,
"0323,13:38",19010,0.0614,1.34,4.59,29.3,8,0.36,1.12,16.1,
"0323,13:38",19020,0.0567,0.84,4.59,18.3,8,0.32,1.3,16.1,
"0323,13:38",19030,0.0773,1.28,4.59,27.8,8,0.37,1.13,16.1,
"0323,13:38",19040,0.0572,1.19,4.59,25.9,8,0.35,1.16,16.1,
"0323,13:38",19050,0.0679,1.42,4.59,30.9,8,0.34,1.26,16.1,
"0323,13:38",19060,0.0511,0.67,4.59,14.6,8,0.28,0.62,16.1,
"0323,13:38",19070,0.0555,0.63,4.59,13.8,8,0.36,0.98,16.1,
"0323,13:38",19080,0.0631,0.65,4.59,14.1,8,0.31,1.13,16.1,
"0323,13:38",19090,0.0549,0.7,4.59,15.3,8,0.33,1.13,16.1,
"0323,13:38",19100,0.05,0.6,4.59,13.2,8,0.32,0.87,16.1,
"0323,13:38",19110,0.0685,1.52,4.59,33.1,8,0.38,0.76,16.1,
"0323,13:38",19120,0.0759,1.57,4.59,34.3,8,0.41,1.34,16.1,
"0323,13:38",19130,0.0612,1.43,4.59,31.2,8,0.34,0.64,16.1,
"0323,13:38",19140,0.0539,0.82,4.59,17.9,8,0.34,1.27,16.1,
"0323,13:38",19150,0.0585,1.13,4.59,24.6,8,0.32,1.2,16.1,
"0323,13:38",19160,0.0597,0.71,4.59,15.4,8,0.28,1.08,16.1,
"0323,13:38",19170,0.0661,1.1,4.59,24.0,8,0.35,1.23,16.1,
"0323,13:38",19180,0.0523,1.29,4.59,28.2,8,0.39,1.18,16.1,
"0323,13:38",19190,0.0661,1.43,4.59,31.2,8,0.37,0.75,16.1,
"0323,13:38",19200,0.0628,1.11,4.59,24.2,8,0.29,1.21,16.1,
"0323,13:38",19210,0.0559,0.71,4.59,15.4,8,0.31,1.28,16.1,
"0323,13:38",19220,0.0608,1.05,4.59,22.9,8,0.38,1.28,16.1,
"0323,13:38",19230,0.0698,1.09,4.59,23.7,8,0.37,1.0,16.1,
"0323,13:38",19240,0.0562,1.05,4.59,22.8,8,0.34,1.31,16.0,
"0323,13:38",19250,0.0569,1.17,4.59,25.5,8,0.3,1.3,16.0,
"0323,13:39",19260,0.0564,0.5,4.59,10.8,8,0.27,1.21,16.0,
"0323,13:39",19270,0.0609,1.06,4.59,23.2,8,0.33,1.28,16.0,
"0323,13:39",19280,0.0656,1.19,4.59,25.9,8,0.35,1.28,16.0,
"0323,13:39",19290,0.0482,1.16,4.59,25.3,8,0.33,1.13,16.0,
"0323,13:39",19300,0.0682,1.28,4.59,27.9,8,0.3,0.79,16.0,
"0323,13:39",19310,0.0592,1.41,4.59,30.7,8,0.33,1.23,16.0,
"0323,13:39",19320,0.0801,1.22,4.59,26.5,8,0.34,1.21,16.0,
"0323,13:39",19330,0.0525,1.14,4.59,25.0,8,0.33,1.1,16.0,
"0323,13:39",19340,0.0588,0.7,4.59,15.3,8,0.33,0.96,16.0,
"0323,13:39",19350,0.0614,1.55,4.59,33.9,8,0.34,1.03,16.0,
"0323,13:39",19360,0.0677,0.77,4.59,16.9,8,0.32,1.25,16.0,
"0323,13:39",19370,0.0569,1.54,4.59,33.6,8,0.35,1.23,16.0,
"0323,13:39",19380,0.0588,0.54,4.59,11.9,8,0.29,1.21,16.0,
"0323,13:39",19390,0.0556,0.88,4.59,19.1,8,0.32,1.22,16.0,
"0323,13:39",19400,0.0497,0.59,4.59,12.9,8,0.28,0.85,16.0,
"0323,13:39",19410,0.0662,1.1,4.59,24.0,8,0.35,1.0,16.0,
"0323,13:39",19420,0.0657,1.34,4.59,29.3,8,0.36,1.31,16.0,
"0323,13:39",19430,0.0765,1.57,4.59,34.3,8,0.4,1.34,16.0,
"0323,13:39",19440,0.0524,1.01,4.59,21.9,8,0.29,1.23,16.0,
"0323,13:39",19450,0.0517,0.72,4.59,15.6,8,0.3,1.26,16.0,
"0323,13:39",19460,0.0714,0.54,4.59,11.8,8,0.31,1.09,16.0,
"0323,13:39",19470,0.0726,1.37,4.59,29.8,8,0.31,0.82,16.0,
"0323,13:39",19480,0.046,1.14,4.59,24.9,8,0.36,1.05,16.0,
"0323,13:39",19490,0.0608,1.24,4.59,27.0,8,0.29,1.15,16.0,
"0323,13:39",19500,0.0602,1.05,4.59,22.8,8,0.34,0.67,16.0,
"0323,13:39",19510,0.0546,0.93,4.59,20.3,8,0.33,1.24,16.0,
"0323,13:39",19520,0.0803,0.96,4.59,21.0,8,0.28,0.68,16.0,
"0323,13:39",19530,0.051,0.82,4.59,17.9,8,0.34,1.19,16.0,
"0323,13:39",19540,0.0609,0.67,4.59,14.6,8,0.28,0.96,16.0,
"0323,13:39",19550,0.0557,0.87,4.59,18.9,8,0.34,1.3,16.0,
"0323,13:39",19560,0.064,0.9,4.59,19.6,8,0.34,1.02,16.0,
"0323,13:39",19570,0.0621,0.71,4.59,15.5,8,0.37,1.28,16.0,
"0323,13:39",19580,0.0561,1.07,4.59,23.4,8,0.32,1.18,16.0,
"0323,13:39",19590,0.0636,1.18,4.59,25.8,8,0.31,1.22,16.0,
"0323,13:39",19600,0.07,1.24,4.59,27.1,8,0.38,1.3,16.0,
"0323,13:39",19610,0.0565,0.51,4.59,11.2,8,0.29,0.79,16.0,
"0323,13:39",19620,0.0558,1.52,4.59,33.1,8,0.38,0.9,16.0,
"0323,13:39",19630,0.0608,1.29,4.59,28.2,8,0.3,0.59,16.0,
"0323,13:39",19640,0.0583,1.24,4.59,27.1,8,0.38,1.19,16.0,
"0323,13:39",19650,0.0623,1.1,4.59,24.0,8,0.32,1.2,16.0,
"0323,13:39",19660,0.0725,0.88,4.59,19.1,8,0.33,1.3,16.0,
"0323,13:39",19670,0.0518,0.72,4.59,15.8,8,0.28,0.64,16.0,
"0323,13:39",19680,0.0649,1.54,4.59,33.6,8,0.35,0.62,16.0,
"0323,13:39",19690,0.0541,0.87,4.59,18.9,8,0.36,1.09,16.0,
"0323,13:39",19700,0.0593,1.22,4.59,26.6,8,0.32,0.74,16.0,
"0323,13:39",19710,0.0527,0.63,4.59,13.8,8,0.36,1.05,16.0,
"0323,13:39",19720,0.0656,1.03,4.59,22.5,8,0.38,1.27,16.0,
"0323,13:39",19730,0.0551,1.01,4.59,22.1,8,0.34,0.82,16.0,
"0323,13:39",19740,0.0663,1.55,4.59,33.9,8,0.37,1.32,16.0,
"0323,13:39",19750,0.0578,0.98,4.59,21.3,8,0.33,1.21,16.0,
"0323,13:39",19760,0.0595,1.13,4.59,24.6,8,0.32,1.23,16.0,
"0323,13:39",19770,0.0563,0.77,4.59,16.9,8,0.32,0.98,16.0,
"0323,13:39",19780,0.0643,1.05,4.59,22.9,8,0.38,1.22,16.0,
"0323,13:39",19790,0.0611,1.34,4.59,29.1,8,0.42,1.22,16.0,
"0323,13:39",19800,0.0569,1.42,4.59,30.9,8,0.34,1.24,15.9,
"0323,13:39",19810,0.0607,1.56,4.59,33.9,8,0.39,1.32,15.9,
"0323,13:39",19820,0.0611,1.01,4.59,21.9,8,0.29,1.14,15.9,
"0323,13:39",19830,0.0545,0.59,4.59,12.9,8,0.28,0.91,15.9,
"0323,13:39",19840,0.0559,1.26,4.59,27.5,8,0.37,1.06,15.9,
"0323,13:39",19850,0.0591,0.88,4.59,19.1,8,0.38,1.09,15.9,
"0323,13:39",19860,0.0654,1.55,4.59,33.9,8,0.34,1.22,15.9,
"0323,13:39",19870,0.0667,1.21,4.59,26.4,8,0.35,1.16,15.9,
"0323,13:39",19880,0.0543,1.37,4.59,29.8,8,0.35,1.32,15.9,
"0323,13:39",19890,0.0621,1.18,4.59,25.7,8,0.36,1.28,15.9,
"0323,13:39",19900,0.0726,1.03,4.59,22.5,8,0.33,1.21,15.9,
"0323,13:39",19910,0.0572,0.98,4.59,21.4,8,0.31,1.16,15.9,
"0323,13:39",19920,0.0607,0.65,4.59,14.1,8,0.31,1.21,15.9,
"0323,13:39",19930,0.0585,1.1,4.59,23.9,8,0.28,1.25,15.9,
"0323,13:39",19940,0.0534,0.68,4.59,14.7,8,0.28,0.74,15.9,
"0323,13:39",19950,0.0568,0.7,4.59,15.3,8,0.33,0.86,15.9,
"0323,13:39",19960,0.0672,1.2,4.59,26.2,8,0.36,1.2,15.9,
"0323,13:39",19970,0.0622,1.2,4.59,26.1,8,0.37,1.33,15.9,
"0323,13:39",19980,0.0617,1.19,4.59,25.9,8,0.35,1.2,15.9,
"0323,13:39",19990,0.0539,1.1,4.59,24.0,8,0.34,1.19,15.9,
"0323,13:39",20000,0.0554,0.67,4.59,14.5,8,0.32,1.27,15.9,
"0323,13:39",20010,0.0595,1.55,4.59,33.9,8,0.37,0.82,15.9,
"0323,13:39",20020,0.0544,0.73,4.59,15.8,8,0.29,1.01,15.9,
"0323,13:39",20030,0.0622,0.98,4.59,21.4,8,0.32,1.17,15.9,
"0323,13:39",20040,0.0706,1.54,4.59,33.6,8,0.35,1.21,15.9,
"0323,13:40",20050,0.0724,1.49,4.59,32.5,8,0.35,0.84,15.9,
"0323,13:40",20060,0.0574,1.42,4.59,30.9,8,0.34,1.32,15.9,
"0323,13:40",20070,0.0679,1.1,4.59,24.0,8,0.35,1.25,15.9,
"0323,13:40",20080,0.0625,1.32,4.59,28.7,8,0.37,1.22,15.9,
"0323,13:40",20090,0.0615,0.58,4.59,12.6,8,0.27,0.98,15.9,
"0323,13:40",20100,0.0521,0.77,4.59,16.9,8,0.32,1.28,15.9,
"0323,13:40",20110,0.0604,0.72,4.59,15.8,8,0.28,1.06,15.9,
"0323,13:40",20120,0.0537,1.55,4.59,33.9,8,0.38,1.18,15.9,
"0323,13:40",20130,0.0572,1.05,4.59,22.8,8,0.34,1.28,15.9,
"0323,13:40",20140,0.0591,1.55,4.59,33.8,8,0.4,1.22,15.9,
"0323,13:40",20150,0.062,1.06,4.59,23.2,8,0.33,1.25,15.9,
"0323,13:40",20160,0.0579,0.56,4.59,12.3,8,0.28,1.27,15.9,
"0323,13:40",20170,0.0496,0.72,4.59,15.6,8,0.3,0.95,15.9,
"0323,13:40",20180,0.0595,1.21,4.59,26.4,8,0.35,1.26,15.9,
"0323,13:40",20190,0.0643,1.26,4.59,27.5,8,0.31,1.28,15.9,
"0323,13:40",20200,0.0627,1.46,4.59,31.9,8,0.34,0.83,15.9,
"0323,13:40",20210,0.0581,0.88,4.59,19.1,8,0.32,1.22,15.9,
"0323,13:40",20220,0.052,0.73,4.59,15.9,8,0.29,0.83,15.9,
"0323,13:40",20230,0.0578,0.49,4.59,10.6,8,0.27,1.27,15.9,
"0323,13:40",20240,0.0547,0.55,4.59,12.0,8,0.28,1.22,15.9,
"0323,13:40",20250,0.0662,1.2,4.59,26.2,8,0.38,1.2,15.9,
"0323,13:40",20260,0.0591,1.47,4.59,32.0,8,0.36,0.96,15.9,
"0323,13:40",20270,0.0667,1.45,4.59,31.6,8,0.36,1.12,15.9,
"0323,13:40",20280,0.0538,1.08,4.59,23.5,8,0.36,0.98,15.9,
"0323,13:40",20290,0.0718,1.05,4.59,22.9,8,0.38,0.91,15.9,
"0323,13:40",20300,0.0585,1.45,4.59,31.6,8,0.37,0.64,15.9,
"0323,13:40",20310,0.0635,1.09,4.59,23.9,8,0.41,1.11,15.9,
"0323,13:40",20320,0.0499,0.6,4.59,13.2,8,0.32,1.19,15.9,
"0323,13:40",20330,0.0485,0.73,4.59,15.9,8,0.29,1.23,15.9,
"0323,13:40",20340,0.0498,0.67,4.59,14.6,8,0.28,0.96,15.9,
"0323,13:40",20350,0.057,1.2,4.59,26.2,8,0.33,1.31,15.9,
"0323,13:40",20360,0.0628,0.71,4.59,15.5,8,0.37,1.31,15.9,
"0323,13:40",20370,0.0669,1.31,4.59,28.5,8,0.35,1.34,15.9,
"0323,13:40",20380,0.0597,1.28,4.59,27.8,8,0.37,1.28,15.9,
"0323,13:40",20390,0.0648,1.08,4.59,23.5,8,0.36,1.12,15.9,
"0323,13:40",20400,0.058,0.58,4.59,12.6,8,0.28,1.2,15.9,
"0323,13:40",20410,0.0667,1.09,4.59,23.7,8,0.37,1.25,15.9,
"0323,13:40",20420,0.0585,1.47,4.59,32.0,8,0.35,0.78,15.9,
"0323,13:40",20430,0.0592,0.49,4.59,10.6,8,0.28,1.26,15.9,
"0323,13:40",20440,0.0573,0.5,4.59,10.8,8,0.27,1.21,15.9,
"0323,13:40",20450,0.0681,1.15,4.59,25.1,8,0.3,1.04,15.9,
"0323,13:40",20460,0.0652,0.5,4.59,10.8,8,0.27,0.92,15.9,
"0323,13:40",20470,0.0626,1.49,4.59,32.5,8,0.34,0.66,15.8,
"0323,13:40",20480,0.0575,1.1,4.59,23.9,8,0.28,1.27,15.8,
"0323,13:40",20490,0.0551,0.51,4.59,11.2,8,0.28,1.28,15.8,
"0323,13:40",20500,0.0714,1.18,4.59,25.8,8,0.31,1.28,15.8,
"0323,13:40",20510,0.0537,0.64,4.59,13.8,8,0.32,1.28,15.8,
"0323,13:40",20520,0.0497,1.3,4.59,28.3,8,0.36,1.31,15.8,
"0323,13:40",20530,0.0509,0.63,4.59,13.8,8,0.36,1.21,15.8,
"0323,13:40",20540,0.0529,0.73,4.59,15.9,8,0.29,0.9,15.8,
"0323,13:40",20550,0.0479,0.74,4.59,16.1,8,0.29,1.08,15.8,
"0323,13:40",20560,0.0689,0.84,4.59,18.3,8,0.35,1.25,15.8,
"0323,13:40",20570,0.0624,1.24,4.59,27.0,8,0.29,1.25,15.8,
"0323,13:40",20580,0.0562,0.7,4.59,15.3,8,0.29,0.96,15.8,
"0323,13:40",20590,0.0536,1.32,4.59,28.7,8,0.37,1.37,15.8,
"0323,13:40",20600,0.0559,1.1,4.59,24.0,8,0.34,1.21,15.8,
"0323,13:40",20610,0.0656,1.62,4.59,35.3,8,0.38,0.71,15.8,
"0323,13:40",20620,0.0675,1.28,4.59,27.9,8,0.3,1.18,15.8,
"0323,13:40",20630,0.0609,1.09,4.59,23.7,8,0.37,1.13,15.8,
"0323,13:40",20640,0.0592,1.56,4.59,33.9,8,0.39,0.63,15.8,
"0323,13:40",20650,0.0596,0.83,4.59,18.2,8,0.37,1.07,15.8,
"0323,13:40",20660,0.056,1.55,4.59,33.8,8,0.4,1.36,15.8,
"0323,13:40",20670,0.0582,0.68,4.59,14.7,8,0.28,0.96,15.8,
"0323,13:40",20680,0.0595,1.2,4.59,26.1,8,0.3,0.7,15.8,
"0323,13:40",20690,0.0491,1.07,4.59,23.4,8,0.32,1.3,15.8,
"0323,13:40",20700,0.0516,0.59,4.59,12.9,8,0.28,1.18,15.8,
"0323,13:40",20710,0.0651,1.19,4.59,25.9,8,0.31,0.5,15.8,
"0323,13:40",20720,0.0662,0.54,4.59,11.8,8,0.31,0.96,15.8,
"0323,13:40",20730,0.0545,1.39,4.59,30.2,8,0.35,1.16,15.8,
"0323,13:40",20740,0.0544,1.3,4.59,28.3,8,0.36,1.21,15.8,
"0323,13:40",20750,0.0558,0.99,4.59,21.6,8,0.3,1.14,15.8,
"0323,13:40",20760,0.0579,1.22,4.59,26.5,8,0.33,0.6,15.8,
"0323,13:40",20770,0.0534,0.74,4.59,16.1,8,0.29,1.1,15.8,
"0323,13:40",20780,0.0624,1.21,4.59,26.4,8,0.35,1.21,15.8,
"0323,13:40",20790,0.0769,1.13,4.59,24.7,8,0.37,1.22,15.8,
"0323,13:40",20800,0.0505,1.37,4.59,29.8,8,0.35,0.67,15.8,
"0323,13:40",20810,0.0563,0.73,4.59,15.9,8,0.33,1.25,15.8,
"0323,13:40",20820,0.0661,1.28,4.59,27.8,8,0.38,1.08,15.8,
"0323,13:40",20830,0.0705,1.16,4.59,25.3,8,0.31,0.81,15.8,
"0323,13:40",20840,0.0546,1.01,4.59,21.9,8,0.29,1.22,15.8,
"0323,13:41",20850,0.0584,0.7,4.59,15.3,8,0.27,0.66,15.8,
"0323,13:41",20860,0.0561,0.58,4.59,12.7,8,0.29,0.62,15.8,
"0323,13:41",20870,0.0516,1.18,4.59,25.8,8,0.31,1.22,15.8,
"0323,13:41",20880,0.0674,0.9,4.59,19.6,8,0.34,1.08,15.8,
"0323,13:41",20890,0.0513,1.14,4.59,24.9,8,0.36,1.26,15.8,
"0323,13:41",20900,0.0665,0.53,4.59,11.6,8,0.3,1.16,15.8,
"0323,13:41",20910,0.0519,1.33,4.59,29.0,8,0.32,1.17,15.8,
"0323,13:41",20920,0.0586,0.99,4.59,21.6,8,0.3,1.27,15.8,
"0323,13:41",20930,0.0606,1.29,4.59,28.1,8,0.35,1.19,15.8,
"0323,13:41",20940,0.0528,1.1,4.59,23.9,8,0.28,0.62,15.8,
"0323,13:41",20950,0.063,0.65,4.59,14.1,8,0.31,1.24,15.8,
"0323,13:41",20960,0.0527,0.59,4.59,12.9,8,0.28,1.15,15.8,
"0323,13:41",20970,0.0502,1.08,4.59,23.5,8,0.37,1.26,15.8,
"0323,13:41",20980,0.062,1.21,4.59,26.4,8,0.35,1.1,15.8,
"0323,13:41",20990,0.0574,0.67,4.59,14.5,8,0.32,1.23,15.8,
"0323,13:41",21000,0.0492,1.21,4.59,26.4,8,0.37,1.09,15.8,
"0323,13:41",21010,0.0518,0.54,4.59,11.9,8,0.29,1.27,15.8,
"0323,13:41",21020,0.058,0.88,4.59,19.1,8,0.38,1.25,15.8,
"0323,13:41",21030,0.0593,0.87,4.59,18.9,8,0.34,0.93,15.8,
"0323,13:41",21040,0.0515,0.72,4.59,15.6,8,0.3,0.9,15.8,
"0323,13:41",21050,0.0536,0.67,4.59,14.6,8,0.28,0.5,15.8,
"0323,13:41",21060,0.0586,0.54,4.59,11.8,8,0.31,1.11,15.8,
"0323,13:41",21070,0.0755,1.34,4.59,29.3,8,0.37,1.26,15.8,
"0323,13:41",21080,0.0622,1.05,4.59,22.8,8,0.34,0.58,15.8,
"0323,13:41",21090,0.062,1.52,4.59,33.1,8,0.38,1.28,15.8,
"0323,13:41",21100,0.0587,1.46,4.59,31.9,8,0.35,1.34,15.8,
"0323,13:41",21110,0.0613,0.98,4.59,21.3,8,0.33,1.31,15.8,
"0323,13:41",21120,0.0595,1.47,4.59,32.0,8,0.37,0.83,15.8,
"0323,13:41",21130,0.0519,1.47,4.59,32.0,8,0.36,0.57,15.8,
"0323,13:41",21140,0.0548,1.12,4.59,24.4,8,0.32,1.07,15.8,
"0323,13:41",21150,0.0595,1.49,4.59,32.6,8,0.35,1.26,15.8,
"0323,13:41",21160,0.0632,1.2,4.59,26.1,8,0.37,1.34,15.8,
"0323,13:41",21170,0.049,1.22,4.59,26.5,8,0.32,1.29,15.8,
"0323,13:41",21180,0.0592,1.47,4.59,32.0,8,0.35,0.72,15.8,
"0323,13:41",21190,0.0598,1.42,4.59,30.9,8,0.34,0.62,15.8,
"0323,13:41",21200,0.0528,0.98,4.59,21.3,8,0.33,1.26,15.8,
"0323,13:41",21210,0.0626,0.73,4.59,15.8,8,0.29,1.11,15.8,
"0323,13:41",21220,0.0579,1.04,4.59,22.6,8,0.35,1.3,15.8,
"0323,13:41",21230,0.0665,1.21,4.59,26.4,8,0.35,1.2,15.7,
"0323,13:41",21240,0.0628,1.28,4.59,27.9,8,0.3,0.88,15.7,
"0323,13:41",21250,0.0741,1.16,4.59,25.3,8,0.31,0.71,15.7,
"0323,13:41",21260,0.0574,1.01,4.59,21.9,8,0.29,1.15,15.7,
"0323,13:41",21270,0.0627,0.65,4.59,14.1,8,0.31,0.88,15.7,
"0323,13:41",21280,0.0802,1.13,4.59,24.7,8,0.37,1.28,15.7,
"0323,13:41",21290,0.06,1.55,4.59,33.8,8,0.4,1.29,15.7,
"0323,13:41",21300,0.0543,0.7,4.59,15.3,8,0.29,1.14,15.7,
"0323,13:41",21310,0.0532,1.21,4.59,26.4,8,0.37,1.09,15.7,
"0323,13:41",21320,0.0562,0.67,4.59,14.5,8,0.32,1.27,15.7,
"0323,13:41",21330,0.051,0.73,4.59,15.8,8,0.29,1.21,15.7,
"0323,13:41",21340,0.0514,1.07,4.59,23.4,8,0.29,1.26,15.7,
"0323,13:41",21350,0.064,1.09,4.59,23.9,8,0.41,1.13,15.7,
"0323,13:41",21360,0.0526,0.82,4.59,17.9,8,0.34,1.34,15.7,
"0323,13:41",21370,0.0638,1.34,4.59,29.3,8,0.36,1.28,15.7,
"0323,13:41",21380,0.0812,0.96,4.59,21.0,8,0.28,1.28,15.7,
"0323,13:41",21390,0.0756,1.28,4.59,27.9,8,0.38,1.17,15.7,
"0323,13:41",21400,0.0591,0.66,4.59,14.5,8,0.37,1.17,15.7,
"0323,13:41",21410,0.0663,0.71,4.59,15.5,8,0.37,1.25,15.7,
"0323,13:41",21420,0.0642,1.15,4.59,25.1,8,0.3,1.26,15.7,
"0323,13:41",21430,0.0599,1.21,4.59,26.4,8,0.35,1.23,15.7,
"0323,13:41",21440,0.064,1.18,4.59,25.7,8,0.36,0.9,15.7,
"0323,13:41",21450,0.0666,1.12,4.59,24.4,8,0.32,1.25,15.7,
"0323,13:41",21460,0.0569,1.47,4.59,32.0,8,0.35,0.65,15.7,
"0323,13:41",21470,0.0559,0.73,4.59,15.9,8,0.33,0.98,15.7,
"0323,13:41",21480,0.0527,1.14,4.59,25.0,8,0.34,0.69,15.7,
"0323,13:41",21490,0.0571,1.24,4.59,27.0,8,0.29,1.2,15.7,
"0323,13:41",21500,0.0507,0.64,4.59,13.9,8,0.29,0.61,15.7,
"0323,13:41",21510,0.056,0.51,4.59,11.2,8,0.29,0.87,15.7,
"0323,13:41",21520,0.0416,0.59,4.59,12.9,8,0.27,0.83,15.7,
"0323,13:41",21530,0.0668,1.56,4.59,34.0,8,0.38,0.87,15.7,
"0323,13:41",21540,0.0643,1.54,4.59,33.6,8,0.35,1.17,15.7,
"0323,13:41",21550,0.0655,1.34,4.59,29.3,8,0.36,1.25,15.7,
"0323,13:41",21560,0.0493,0.7,4.59,15.3,8,0.28,1.14,15.7,
"0323,13:41",21570,0.0682,1.03,4.59,22.5,8,0.38,1.28,15.7,
"0323,13:41",21580,0.0601,1.55,4.59,33.9,8,0.37,0.85,15.7,
"0323,13:41",21590,0.0539,1.03,4.59,22.4,8,0.37,0.96,15.7,
"0323,13:41",21600,0.071,1.31,4.59,28.5,8,0.35,1.12,15.7,
"0323,13:41",21610,0.059,1.2,4.59,26.1,8,0.3,1.29,15.7,
"0323,13:41",21620,0.0707,1.29,4.59,28.2,8,0.3,0.69,15.7,
"0323,13:41",21630,0.0605,1.11,4.59,24.2,8,0.31,1.17,15.7,
"0323,13:41",21640,0.0555,1.17,4.59,25.4,8,0.34,1.16,15.7,
"0323,13:41",21650,0.0548,0.87,4.59,18.9,8,0.36,0.93,15.7,
"0323,13:42",21660,0.0584,1.01,4.59,21.9,8,0.29,1.24,15.7,
"0323,13:42",21670,0.0483,1.18,4.59,25.6,8,0.37,0.75,15.7,
"0323,13:42",21680,0.0502,0.88,4.59,19.1,8,0.31,1.13,15.7,
"0323,13:42",21690,0.0531,1.14,4.59,25.0,8,0.34,1.24,15.7,
"0323,13:42",21700,0.0513,0.7,4.59,15.3,8,0.33,1.03,15.7,
"0323,13:42",21710,0.0569,1.07,4.59,23.4,8,0.32,1.19,15.7,
"0323,13:42",21720,0.0797,1.22,4.59,26.5,8,0.35,1.08,15.7,
"0323,13:42",21730,0.0505,1.33,4.59,29.0,8,0.32,1.11,15.7,
"0323,13:42",21740,0.0519,1.03,4.59,22.4,8,0.37,1.21,15.7,
"0323,13:42",21750,0.0575,0.77,4.59,16.9,8,0.33,1.27,15.7,
"0323,13:42",21760,0.0565,0.64,4.59,13.9,8,0.29,0.61,15.7,
"0323,13:42",21770,0.0539,0.64,4.59,13.8,8,0.32,1.08,15.7,
"0323,13:42",21780,0.0673,1.22,4.59,26.6,8,0.32,1.12,15.7,
"0323,13:42",21790,0.0648,1.23,4.59,26.9,8,0.34,1.31,15.7,
"0323,13:42",21800,0.0644,1.03,4.59,22.5,8,0.38,1.16,15.7,
"0323,13:42",21810,0.0621,1.49,4.59,32.5,8,0.35,0.85,15.7,
"0323,13:42",21820,0.063,1.31,4.59,28.5,8,0.3,0.73,15.7,
"0323,13:42",21830,0.0584,1.2,4.59,26.1,8,0.37,1.13,15.7,
"0323,13:42",21840,0.058,0.7,4.59,15.3,8,0.33,0.86,15.7,
"0323,13:42",21850,0.0509,0.72,4.59,15.6,8,0.3,1.23,15.7,
"0323,13:42",21860,0.062,1.26,4.59,27.5,8,0.34,0.77,15.7,
"0323,13:42",21870,0.0546,1.45,4.59,31.6,8,0.37,0.99,15.7,
"0323,13:42",21880,0.0592,1.21,4.59,26.4,8,0.35,1.08,15.7,
"0323,13:42",21890,0.0574,1.04,4.59,22.6,8,0.36,1.25,15.7,
"0323,13:42",21900,0.056,1.47,4.59,32.0,8,0.35,0.71,15.7,
"0323,13:42",21910,0.0643,0.54,4.59,11.8,8,0.31,1.21,15.7,
"0323,13:42",21920,0.0549,1.08,4.59,23.5,8,0.37,1.02,15.7,
"0323,13:42",21930,0.0599,1.52,4.59,33.1,8,0.38,1.36,15.7,
"0323,13:42",21940,0.058,0.83,4.59,18.1,8,0.32,1.3,15.7,
"0323,13:42",21950,0.0666,1.42,4.59,30.9,8,0.34,0.76,15.7,
"0323,13:42",21960,0.0602,1.1,4.59,24.0,8,0.32,1.19,15.7,
"0323,13:42",21970,0.0571,0.67,4.59,14.6,8,0.29,0.62,15.7,
"0323,13:42",21980,0.0536,0.67,4.59,14.7,8,0.32,1.26,15.7,
"0323,13:42",21990,0.0511,1.08,4.59,23.5,8,0.36,1.34,15.7,
"0323,13:42",22000,0.0585,1.17,4.59,25.4,8,0.34,1.27,15.7,
"0323,13:42",22010,0.0523,1.18,4.59,25.7,8,0.34,1.25,15.7,
"0323,13:42",22020,0.0622,1.45,4.59,31.5,8,0.36,0.74,15.7,
"0323,13:42",22030,0.0548,0.72,4.59,15.6,8,0.3,1.28,15.6,
"0323,13:42",22040,0.0531,0.88,4.59,19.1,8,0.31,1.21,15.6,
"0323,13:42",22050,0.0579,1.05,4.59,22.8,8,0.34,1.29,15.6,
"0323,13:42",22060,0.0537,1.29,4.59,28.2,8,0.38,1.36,15.6,
"0323,13:42",22070,0.0615,1.02,4.59,22.3,8,0.3,1.14,15.6,
"0323,13:42",22080,0.0585,0.98,4.59,21.3,8,0.33,1.19,15.6,
"0323,13:42",22090,0.0696,1.43,4.59,31.2,8,0.37,0.87,15.6,
"0323,13:42",22100,0.0552,0.56,4.59,12.2,8,0.28,1.2,15.6,
"0323,13:42",22110,0.0508,0.7,4.59,15.3,8,0.3,1.19,15.6,
"0323,13:42",22120,0.0645,0.5,4.59,10.8,8,0.27,1.1,15.6,
"0323,13:42",22130,0.0643,1.55,4.59,33.9,8,0.34,1.27,15.6,
"0323,13:42",22140,0.0656,1.31,4.59,28.5,8,0.3,1.19,15.6,
"0323,13:42",22150,0.0537,0.63,4.59,13.8,8,0.36,0.95,15.6,
"0323,13:42",22160,0.0621,0.71,4.59,15.4,8,0.31,1.16,15.6,
"0323,13:42",22170,0.0591,1.56,4.59,33.9,8,0.39,0.75,15.6,
"0323,13:42",22180,0.0595,1.26,4.59,27.5,8,0.34,0.65,15.6,
"0323,13:42",22190,0.0644,1.21,4.59,26.4,8,0.35,1.24,15.6,
"0323,13:42",22200,0.0611,0.82,4.59,17.9,8,0.34,1.04,15.6,
"0323,13:42",22210,0.0438,1.37,4.59,29.8,8,0.35,1.29,15.6,
"0323,13:42",22220,0.0505,0.67,4.59,14.7,8,0.32,1.1,15.6,
"0323,13:42",22230,0.06,0.9,4.59,19.6,8,0.34,1.17,15.6,
"0323,13:42",22240,0.0483,1.26,4.59,27.5,8,0.36,1.34,15.6,
"0323,13:42",22250,0.0605,0.84,4.59,18.3,8,0.35,1.24,15.6,
"0323,13:42",22260,0.054,1.17,4.59,25.5,8,0.3,0.65,15.6,
"0323,13:42",22270,0.0612,1.46,4.59,31.9,8,0.35,0.73,15.6,
"0323,13:42",22280,0.0584,0.68,4.59,14.7,8,0.28,1.16,15.6,
"0323,13:42",22290,0.0702,1.02,4.59,22.2,8,0.3,0.72,15.6,
"0323,13:42",22300,0.0532,0.64,4.59,13.8,8,0.32,0.62,15.6,
"0323,13:42",22310,0.0579,1.22,4.59,26.6,8,0.32,1.23,15.6,
"0323,13:42",22320,0.0584,0.56,4.59,12.2,8,0.32,1.19,15.6,
"0323,13:42",22330,0.065,1.23,4.59,26.8,8,0.35,0.63,15.6,
"0323,13:42",22340,0.0641,0.98,4.59,21.4,8,0.31,1.31,15.6,
"0323,13:42",22350,0.0528,0.51,4.59,11.2,8,0.29,0.84,15.6,
"0323,13:42",22360,0.0535,1.19,4.59,26.0,8,0.36,1.01,15.6,
"0323,13:42",22370,0.0614,1.24,4.59,27.1,8,0.38,1.31,15.6,
"0323,13:42",22380,0.0577,0.84,4.59,18.3,8,0.35,1.29,15.6,
"0323,13:42",22390,0.0556,1.39,4.59,30.2,8,0.35,0.85,15.6,
"0323,13:42",22400,0.0538,0.55,4.59,12.0,8,0.28,0.53,15.6,
"0323,13:42",22410,0.0531,0.72,4.59,15.7,8,0.31,0.94,15.6,
"0323,13:42",22420,0.0522,0.97,4.59,21.2,8,0.38,0.9,15.6,
"0323,13:42",22430,0.0758,1.13,4.59,24.7,8,0.37,1.18,15.6,
"0323,13:42",22440,0.0533,0.83,4.59,18.2,8,0.37,1.21,15.6,
"0323,13:42",22450,0.0557,0.98,4.59,21.3,8,0.33,1.13,15.6,
"0323,13:42",22460,0.0543,0.99,4.59,21.6,8,0.3,1.12,15.6,
"0323,13:43",22470,0.0527,1.07,4.59,23.4,8,0.32,1.3,15.6,
"0323,13:43",22480,0.0503,1.11,4.59,24.2,8,0.31,1.29,15.6,
"0323,13:43",22490,0.0549,0.51,4.59,11.2,8,0.29,1.2,15.6,
"0323,13:43",22500,0.0611,1.01,4.59,22.1,8,0.34,1.31,15.6,
"0323,13:43",22510,0.0647,0.84,4.59,18.3,8,0.35,0.99,15.6,
"0323,13:43",22520,0.0452,0.67,4.59,14.7,8,0.32,0.96,15.6,
"0323,13:43",22530,0.0626,1.31,4.59,28.5,8,0.35,1.34,15.6,
"0323,13:43",22540,0.0555,1.47,4.59,32.0,8,0.36,0.6,15.6,
"0323,13:43",22550,0.0536,1.04,4.59,22.6,8,0.35,0.96,15.6,
"0323,13:43",22560,0.054,1.17,4.59,25.4,8,0.34,0.71,15.6,
"0323,13:43",22570,0.0582,1.18,4.59,25.7,8,0.29,1.17,15.6,
"0323,13:43",22580,0.0628,1.28,4.59,27.9,8,0.3,0.74,15.6,
"0323,13:43",22590,0.0537,1.18,4.59,25.6,8,0.37,1.34,15.6,
"0323,13:43",22600,0.0492,1.14,4.59,24.9,8,0.35,1.21,15.6,
"0323,13:43",22610,0.0527,0.56,4.59,12.3,8,0.28,1.15,15.6,
"0323,13:43",22620,0.0542,0.99,4.59,21.6,8,0.3,1.29,15.6,
"0323,13:43",22630,0.0625,0.56,4.59,12.2,8,0.28,0.88,15.6,
"0323,13:43",22640,0.061,0.82,4.59,17.9,8,0.34,1.12,15.6,
"0323,13:43",22650,0.0601,1.19,4.59,25.9,8,0.31,0.49,15.6,
"0323,13:43",22660,0.0578,1.43,4.59,31.2,8,0.37,0.65,15.6,
"0323,13:43",22670,0.0542,1.1,4.59,24.0,8,0.34,1.25,15.6,
"0323,13:43",22680,0.056,1.46,4.59,31.9,8,0.34,0.74,15.6,
"0323,13:43",22690,0.0565,1.02,4.59,22.2,8,0.3,1.17,15.6,
"0323,13:43",22700,0.0581,1.19,4.59,25.9,8,0.3,1.28,15.6,
"0323,13:43",22710,0.0567,1.2,4.59,26.2,8,0.33,0.58,15.6,
"0323,13:43",22720,0.0513,0.72,4.59,15.6,8,0.3,1.23,15.6,
"0323,13:43",22730,0.061,1.37,4.59,29.8,8,0.31,1.3,15.6,
"0323,13:43",22740,0.0639,1.02,4.59,22.3,8,0.3,1.21,15.6,
"0323,13:43",22750,0.0685,1.48,4.59,32.3,8,0.37,0.63,15.6,
"0323,13:43",22760,0.0543,0.87,4.59,18.9,8,0.36,1.03,15.6,
"0323,13:43",22770,0.0733,1.13,4.59,24.7,8,0.37,1.11,15.6,
"0323,13:43",22780,0.0566,0.98,4.59,21.4,8,0.31,1.11,15.6,
"0323,13:43",22790,0.0566,1.26,4.59,27.5,8,0.37,1.22,15.6,
"0323,13:43",22800,0.0558,0.66,4.59,14.5,8,0.37,1.15,15.6,
"0323,13:43",22810,0.053,0.54,4.59,11.8,8,0.31,0.88,15.6,
"0323,13:43",22820,0.0484,1.3,4.59,28.3,8,0.36,1.29,15.6,
"0323,13:43",22830,0.0471,1.14,4.59,24.9,8,0.36,1.29,15.6,
"0323,13:43",22840,0.0544,1.2,4.59,26.1,8,0.38,1.07,15.6,
"0323,13:43",22850,0.0541,0.49,4.59,10.6,8,0.27,0.58,15.6,
"0323,13:43",22860,0.0649,1.05,4.59,22.9,8,0.38,0.89,15.6,
"0323,13:43",22870,0.05,0.54,4.59,11.9,8,0.28,0.94,15.6,
"0323,13:43",22880,0.0576,0.7,4.59,15.3,8,0.29,1.12,15.6,
"0323,13:43",22890,0.0549,1.47,4.59,32.0,8,0.35,0.76,15.6,
"0323,13:43",22900,0.0521,0.97,4.59,21.2,8,0.38,1.28,15.5,
"0323,13:43",22910,0.0494,1.05,4.59,22.8,8,0.34,1.2,15.5,
"0323,13:43",22920,0.0724,1.28,4.59,27.9,8,0.38,1.14,15.5,
"0323,13:43",22930,0.0505,0.74,4.59,16.1,8,0.29,1.17,15.5,
"0323,13:43",22940,0.0682,1.23,4.59,26.8,8,0.35,0.79,15.5,
"0323,13:43",22950,0.0537,1.01,4.59,21.9,8,0.29,1.16,15.5,
"0323,13:43",22960,0.0561,0.9,4.59,19.6,8,0.34,1.26,15.5,
"0323,13:43",22970,0.0557,0.73,4.59,15.9,8,0.33,1.25,15.5,
"0323,13:43",22980,0.0484,0.67,4.59,14.7,8,0.32,1.27,15.5,
"0323,13:43",22990,0.057,1.21,4.59,26.4,8,0.37,1.22,15.5,
"0323,13:43",23000,0.0508,0.71,4.59,15.6,8,0.3,0.96,15.5,
"0323,13:43",23010,0.0496,1.18,4.59,25.6,8,0.37,1.26,15.5,
"0323,13:43",23020,0.0513,1.04,4.59,22.6,8,0.35,0.98,15.5,
"0323,13:43",23030,0.057,1.29,4.59,28.2,8,0.38,1.25,15.5,
"0323,13:43",23040,0.0712,1.23,4.59,26.9,8,0.35,1.25,15.5,
"0323,13:43",23050,0.0588,0.87,4.59,18.9,8,0.34,1.25,15.5,
"0323,13:43",23060,0.0487,0.73,4.59,15.9,8,0.29,1.27,15.5,
"0323,13:43",23070,0.054,1.43,4.59,31.2,8,0.34,0.85,15.5,
"0323,13:43",23080,0.0559,1.22,4.59,26.6,8,0.32,1.26,15.5,
"0323,13:43",23090,0.0684,1.55,4.59,33.9,8,0.34,0.8,15.5,
"0323,13:43",23100,0.0633,1.18,4.59,25.7,8,0.36,0.74,15.5,
"0323,13:43",23110,0.0482,0.82,4.59,17.9,8,0.34,1.13,15.5,
"0323,13:43",23120,0.0496,0.59,4.59,12.9,8,0.29,1.13,15.5,
"0323,13:43",23130,0.0595,1.43,4.59,31.2,8,0.37,0.67,15.5,
"0323,13:43",23140,0.0633,0.84,4.59,18.3,8,0.35,1.08,15.5,
"0323,13:43",23150,0.062,1.29,4.59,28.2,8,0.3,1.18,15.5,
"0323,13:43",23160,0.0473,1.16,4.59,25.3,8,0.33,1.18,15.5,
"0323,13:43",23170,0.0504,1.19,4.59,26.0,8,0.36,1.24,15.5,
"0323,13:43",23180,0.0597,0.88,4.59,19.1,8,0.32,1.17,15.5,
"0323,13:43",23190,0.0544,1.43,4.59,31.2,8,0.34,0.64,15.5,
"0323,13:43",23200,0.0565,1.45,4.59,31.6,8,0.37,1.32,15.5,
"0323,13:43",23210,0.0623,1.09,4.59,23.9,8,0.41,1.23,15.5,
"0323,13:43",23220,0.0617,1.37,4.59,29.8,8,0.31,0.72,15.5,
"0323,13:43",23230,0.0537,0.82,4.59,17.9,8,0.34,0.95,15.5,
"0323,13:43",23240,0.0643,1.29,4.59,28.2,8,0.3,0.63,15.5,
"0323,13:43",23250,0.063,1.23,4.59,26.9,8,0.35,1.31,15.5,
"0323,13:43",23260,0.0622,1.22,4.59,26.5,8,0.32,1.27,15.5,
"0323,13:44",23270,0.0533,0.72,4.59,15.7,8,0.3,1.17,15.5,
"0323,13:44",23280,0.0603,1.1,4.59,24.0,8,0.35,0.94,15.5,
"0323,13:44",23290,0.0542,0.98,4.59,21.3,8,0.33,1.13,15.5,
"0323,13:44",23300,0.0699,1.28,4.59,27.8,8,0.38,1.33,15.5,
"0323,13:44",23310,0.0608,1.05,4.59,22.8,8,0.34,0.72,15.5,
"0323,13:44",23320,0.0742,1.22,4.59,26.5,8,0.34,1.31,15.5,
"0323,13:44",23330,0.0544,1.07,4.59,23.4,8,0.28,1.16,15.5,
"0323,13:44",23340,0.0554,0.99,4.59,21.6,8,0.3,1.19,15.5,
"0323,13:44",23350,0.0537,1.12,4.59,24.4,8,0.32,1.19,15.5,
"0323,13:44",23360,0.0533,1.19,4.59,26.0,8,0.37,1.24,15.5,
"0323,13:44",23370,0.0459,0.7,4.59,15.3,8,0.28,0.93,15.5,
"0323,13:44",23380,0.0538,0.73,4.59,15.9,8,0.29,1.24,15.5,
"0323,13:44",23390,0.0591,0.56,4.59,12.2,8,0.28,1.25,15.5,
"0323,13:44",23400,0.0591,1.18,4.59,25.7,8,0.34,0.8,15.5,
"0323,13:44",23410,0.0577,1.14,4.59,25.0,8,0.34,1.19,15.5,
"0323,13:44",23420,0.0676,1.1,4.59,24.1,8,0.29,0.62,15.5,
"0323,13:44",23430,0.0577,0.5,4.59,10.8,8,0.27,1.21,15.5,
"0323,13:44",23440,0.0545,0.58,4.59,12.6,8,0.28,0.64,15.5,
"0323,13:44",23450,0.0552,1.11,4.59,24.2,8,0.31,1.29,15.5,
"0323,13:44",23460,0.0533,1.32,4.59,28.7,8,0.37,0.84,15.5,
"0323,13:44",23470,0.0506,1.19,4.59,25.9,8,0.3,1.2,15.5,
"0323,13:44",23480,0.0589,1.06,4.59,23.2,8,0.33,1.17,15.5,
"0323,13:44",23490,0.0503,0.54,4.59,11.9,8,0.28,0.58,15.5,
"0323,13:44",23500,0.0518,1.21,4.59,26.4,8,0.37,1.25,15.5,
"0323,13:44",23510,0.0599,1.48,4.59,32.3,8,0.37,1.35,15.5,
"0323,13:44",23520,0.0653,1.09,4.59,23.9,8,0.41,1.28,15.5,
"0323,13:44",23530,0.0612,1.34,4.59,29.3,8,0.36,1.25,15.5,
"0323,13:44",23540,0.0514,1.52,4.59,33.1,8,0.38,1.25,15.5,
"0323,13:44",23550,0.0531,0.72,4.59,15.6,8,0.3,0.87,15.5,
"0323,13:44",23560,0.052,1.07,4.59,23.4,8,0.28,1.2,15.5,
"0323,13:44",23570,0.0741,0.96,4.59,21.0,8,0.28,0.69,15.5,
"0323,13:44",23580,0.0547,1.05,4.59,22.8,8,0.34,1.21,15.5,
"0323,13:44",23590,0.0584,0.67,4.59,14.5,8,0.32,1.19,15.5,
"0323,13:44",23600,0.0608,1.18,4.59,25.7,8,0.36,0.78,15.5,
"0323,13:44",23610,0.0605,1.23,4.59,26.9,8,0.34,1.28,15.5,
"0323,13:44",23620,0.0558,0.54,4.59,11.8,8,0.31,1.06,15.5,
"0323,13:44",23630,0.0567,0.49,4.59,10.6,8,0.27,1.15,15.5,
"0323,13:44",23640,0.0571,0.71,4.59,15.5,8,0.37,0.95,15.5,
"0323,13:44",23650,0.0564,1.11,4.59,24.2,8,0.31,0.71,15.5,
"0323,13:44",23660,0.0782,1.22,4.59,26.5,8,0.34,1.3,15.5,
"0323,13:44",23670,0.0544,1.1,4.59,24.0,8,0.34,1.24,15.5,
"0323,13:44",23680,0.0441,0.58,4.59,12.7,8,0.28,1.08,15.5,
"0323,13:44",23690,0.0618,1.02,4.59,22.3,8,0.3,0.64,15.5,
"0323,13:44",23700,0.0598,0.71,4.59,15.5,8,0.37,1.26,15.5,
"0323,13:44",23710,0.0596,1.06,4.59,23.2,8,0.33,1.13,15.5,
"0323,13:44",23720,0.0546,1.48,4.59,32.3,8,0.37,0.69,15.5,
"0323,13:44",23730,0.0526,1.07,4.59,23.4,8,0.28,1.08,15.5,
"0323,13:44",23740,0.0523,0.58,4.59,12.7,8,0.29,1.1,15.5,
"0323,13:44",23750,0.0512,1.29,4.59,28.2,8,0.38,1.28,15.5,
"0323,13:44",23760,0.0548,0.63,4.59,13.8,8,0.36,1.22,15.5,
"0323,13:44",23770,0.0523,0.7,4.59,15.3,8,0.33,1.19,15.5,
"0323,13:44",23780,0.0578,1.2,4.59,26.2,8,0.33,0.66,15.5,
"0323,13:44",23790,0.058,0.71,4.59,15.4,8,0.28,0.84,15.5,
"0323,13:44",23800,0.06,0.88,4.59,19.1,8,0.32,1.24,15.5,
"0323,13:44",23810,0.0592,1.01,4.59,22.1,8,0.34,0.64,15.5,
"0323,13:44",23820,0.0661,1.57,4.59,34.3,8,0.41,0.93,15.5,
"0323,13:44",23830,0.051,0.87,4.59,18.9,8,0.36,1.27,15.5,
"0323,13:44",23840,0.0604,1.34,4.59,29.3,8,0.37,0.97,15.5,
"0323,13:44",23850,0.0513,1.2,4.59,26.2,8,0.38,1.04,15.5,
"0323,13:44",23860,0.046,0.54,4.59,11.9,8,0.28,0.9,15.5,
"0323,13:44",23870,0.0498,0.67,4.59,14.5,8,0.32,1.31,15.4,
"0323,13:44",23880,0.0665,1.19,4.59,25.9,8,0.31,0.63,15.4,
"0323,13:44",23890,0.0597,1.02,4.59,22.3,8,0.3,1.2,15.4,
"0323,13:44",23900,0.0644,1.23,4.59,26.8,8,0.35,0.67,15.4,
"0323,13:44",23910,0.0567,1.47,4.59,32.0,8,0.36,0.74,15.4,
"0323,13:44",23920,0.0512,0.63,4.59,13.8,8,0.36,0.95,15.4,
"0323,13:44",23930,0.0559,0.82,4.59,17.9,8,0.34,1.26,15.4,
"0323,13:44",23940,0.0576,0.65,4.59,14.1,8,0.31,1.26,15.4,
"0323,13:44",23950,0.0566,1.22,4.59,26.6,8,0.32,1.28,15.4,
"0323,13:44",23960,0.0543,0.67,4.59,14.6,8,0.29,0.97,15.4,
"0323,13:44",23970,0.0484,0.58,4.59,12.6,8,0.27,1.17,15.4,
"0323,13:44",23980,0.056,1.22,4.59,26.5,8,0.33,0.61,15.4,
"0323,13:44",23990,0.0556,1.39,4.59,30.2,8,0.35,1.28,15.4,
"0323,13:44",24000,0.0541,1.29,4.59,28.1,8,0.35,1.3,15.4,
"0323,13:44",24010,0.0423,1.18,4.59,25.6,8,0.37,1.35,15.4,
"0323,13:44",24020,0.0573,1.23,4.59,26.9,8,0.35,1.19,15.4,
"0323,13:44",24030,0.0579,0.53,4.59,11.6,8,0.3,1.16,15.4,
"0323,13:44",24040,0.0543,1.04,4.59,22.6,8,0.35,1.0,15.4,
"0323,13:44",24050,0.0497,0.72,4.59,15.8,8,0.28,0.5,15.4,
"0323,13:44",24060,0.0621,0.88,4.59,19.1,8,0.32,1.27,15.4,
"0323,13:45",24070,0.0535,1.16,4.59,25.3,8,0.33,0.64,15.4,
"0323,13:45",24080,0.0505,1.08,4.59,23.5,8,0.34,1.06,15.4,
"0323,13:45",24090,0.0552,1.19,4.59,26.0,8,0.36,1.27,15.4,
"0323,13:45",24100,0.0544,0.73,4.59,15.9,8,0.29,1.27,15.4,
"0323,13:45",24110,0.0561,0.7,4.59,15.3,8,0.29,1.12,15.4,
"0323,13:45",24120,0.0567,1.12,4.59,24.4,8,0.32,1.25,15.4,
"0323,13:45",24130,0.057,0.55,4.59,12.0,8,0.28,1.2,15.4,
"0323,13:45",24140,0.0715,1.05,4.59,22.9,8,0.37,1.27,15.4,
"0323,13:45",24150,0.0603,1.15,4.59,25.1,8,0.3,1.09,15.4,
"0323,13:45",24160,0.0546,0.87,4.59,18.9,8,0.36,0.99,15.4,
"0323,13:45",24170,0.0486,1.26,4.59,27.5,8,0.36,0.63,15.4,
"0323,13:45",24180,0.0611,1.18,4.59,25.7,8,0.36,0.75,15.4,
"0323,13:45",24190,0.0556,1.41,4.59,30.7,8,0.33,0.72,15.4,
"0323,13:45",24200,0.0516,0.55,4.59,12.0,8,0.28,0.65,15.4,
"0323,13:45",24210,0.0555,0.82,4.59,17.9,8,0.34,0.99,15.4,
"0323,13:45",24220,0.05,1.17,4.59,25.4,8,0.34,1.2,15.4,
"0323,13:45",24230,0.067,1.24,4.59,27.1,8,0.38,1.2,15.4,
"0323,13:45",24240,0.0609,0.99,4.59,21.6,8,0.34,1.28,15.4,
"0323,13:45",24250,0.0704,1.1,4.59,24.1,8,0.29,0.53,15.4,
"0323,13:45",24260,0.0721,1.2,4.59,26.2,8,0.36,0.9,15.4,
"0323,13:45",24270,0.0527,0.67,4.59,14.6,8,0.29,1.22,15.4,
"0323,13:45",24280,0.0584,1.45,4.59,31.6,8,0.37,1.21,15.4,
"0323,13:45",24290,0.0512,0.71,4.59,15.4,8,0.31,0.93,15.4,
"0323,13:45",24300,0.0537,1.2,4.59,26.2,8,0.38,1.28,15.4,
"0323,13:45",24310,0.0573,1.01,4.59,22.1,8,0.34,1.32,15.4,
"0323,13:45",24320,0.0522,1.39,4.59,30.2,8,0.35,0.65,15.4,
"0323,13:45",24330,0.0596,1.55,4.59,33.8,8,0.41,0.74,15.4,
"0323,13:45",24340,0.0532,0.82,4.59,17.9,8,0.34,1.25,15.4,
"0323,13:45",24350,0.0551,1.17,4.59,25.5,8,0.3,1.06,15.4,
"0323,13:45",24360,0.0637,1.1,4.59,24.0,8,0.35,1.3,15.4,
"0323,13:45",24370,0.0571,0.67,4.59,14.6,8,0.28,0.7,15.4,
"0323,13:45",24380,0.0515,1.11,4.59,24.2,8,0.31,1.2,15.4,
"0323,13:45",24390,0.0468,0.72,4.59,15.8,8,0.28,1.15,15.4,
"0323,13:45",24400,0.0552,0.51,4.59,11.2,8,0.29,0.89,15.4,
"0323,13:45",24410,0.0525,0.66,4.59,14.5,8,0.37,1.04,15.4,
"0323,13:45",24420,0.052,1.22,4.59,26.5,8,0.33,0.83,15.4,
"0323,13:45",24430,0.0457,1.22,4.59,26.5,8,0.33,1.28,15.4,
"0323,13:45",24440,0.0598,1.31,4.59,28.5,8,0.35,1.24,15.4,
"0323,13:45",24450,0.0629,1.56,4.59,34.0,8,0.38,1.37,15.4,
"0323,13:45",24460,0.0595,1.05,4.59,22.9,8,0.38,1.28,15.4,
"0323,13:45",24470,0.0549,0.97,4.59,21.2,8,0.38,0.95,15.4,
"0323,13:45",24480,0.0651,1.09,4.59,23.9,8,0.41,1.17,15.4,
"0323,13:45",24490,0.0489,1.3,4.59,28.3,8,0.35,1.08,15.4,
"0323,13:45",24500,0.0567,1.37,4.59,29.8,8,0.35,0.61,15.4,
"0323,13:45",24510,0.0574,0.88,4.59,19.1,8,0.32,1.31,15.4,
"0323,13:45",24520,0.0534,1.52,4.59,33.1,8,0.38,0.66,15.4,
"0323,13:45",24530,0.0469,0.73,4.59,15.8,8,0.29,1.26,15.4,
"0323,13:45",24540,0.0532,0.63,4.59,13.8,8,0.36,1.27,15.4,
"0323,13:45",24550,0.0634,0.71,4.59,15.5,8,0.37,1.29,15.4,
"0323,13:45",24560,0.0546,0.67,4.59,14.7,8,0.32,0.95,15.4,
"0323,13:45",24570,0.0526,1.29,4.59,28.1,8,0.35,1.27,15.4,
"0323,13:45",24580,0.062,1.55,4.59,33.9,8,0.34,0.8,15.4,
"0323,13:45",24590,0.0546,0.67,4.59,14.6,8,0.28,0.9,15.4,
"0323,13:45",24600,0.0497,0.7,4.59,15.3,8,0.33,1.26,15.4,
"0323,13:45",24610,0.0492,1.26,4.59,27.5,8,0.37,1.16,15.4,
"0323,13:45",24620,0.0533,0.99,4.59,21.6,8,0.3,1.17,15.4,
"0323,13:45",24630,0.0576,0.53,4.59,11.6,8,0.3,1.29,15.4,
"0323,13:45",24640,0.0563,1.2,4.59,26.1,8,0.37,1.0,15.4,
"0323,13:45",24650,0.0634,0.9,4.59,19.6,8,0.34,1.23,15.4,
"0323,13:45",24660,0.0629,1.28,4.59,27.8,8,0.37,1.27,15.4,
"0323,13:45",24670,0.0545,1.19,4.59,26.0,8,0.36,1.18,15.4,
"0323,13:45",24680,0.0667,1.02,4.59,22.2,8,0.3,0.99,15.4,
"0323,13:45",24690,0.0565,1.22,4.59,26.6,8,0.32,0.77,15.4,
"0323,13:45",24700,0.0632,1.31,4.59,28.5,8,0.3,1.07,15.4,
"0323,13:45",24710,0.0576,1.41,4.59,30.7,8,0.33,1.01,15.4,
"0323,13:45",24720,0.0601,1.56,4.59,34.0,8,0.38,1.31,15.4,
"0323,13:45",24730,0.0508,0.93,4.59,20.3,8,0.33,1.32,15.4,
"0323,13:45",24740,0.0655,1.09,4.59,23.9,8,0.41,1.17,15.4,
"0323,13:45",24750,0.046,0.74,4.59,16.1,8,0.29,0.92,15.4,
"0323,13:45",24760,0.0462,1.19,4.59,26.0,8,0.36,1.25,15.4,
"0323,13:45",24770,0.0608,1.1,4.59,24.0,8,0.35,0.97,15.4,
"0323,13:45",24780,0.0494,0.82,4.59,17.9,8,0.34,0.89,15.4,
"0323,13:45",24790,0.0538,1.13,4.59,24.6,8,0.32,0.79,15.4,
"0323,13:45",24800,0.0782,1.22,4.59,26.5,8,0.35,1.29,15.4,
"0323,13:45",24810,0.0526,1.2,4.59,26.1,8,0.3,1.24,15.4,
"0323,13:45",24820,0.0508,1.08,4.59,23.5,8,0.36,0.97,15.4,
"0323,13:45",24830,0.0612,1.01,4.59,21.9,8,0.29,1.25,15.4,
"0323,13:45",24840,0.0512,0.56,4.59,12.3,8,0.28,1.04,15.4,
"0323,13:45",24850,0.0612,1.54,4.59,33.6,8,0.35,1.33,15.4,
"0323,13:45",24860,0.0511,1.26,4.59,27.5,8,0.37,1.04,15.4,
"0323,13:46",24870,0.0585,0.71,4.59,15.5,8,0.37,1.03,15.4,
"0323,13:46",24880,0.0551,0.98,4.59,21.3,8,0.33,0.62,15.3,
"0323,13:46",24890,0.0502,0.7,4.59,15.3,8,0.33,1.16,15.3,
"0323,13:46",24900,0.0533,1.04,4.59,22.6,8,0.35,1.02,15.3,
"0323,13:46",24910,0.0585,0.87,4.59,18.9,8,0.34,0.96,15.3,
"0323,13:46",24920,0.0521,1.29,4.59,28.1,8,0.35,1.09,15.3,
"0323,13:46",24930,0.0505,1.11,4.59,24.2,8,0.31,1.25,15.3,
"0323,13:46",24940,0.0603,1.1,4.59,24.0,8,0.35,1.03,15.3,
"0323,13:46",24950,0.0495,1.26,4.59,27.5,8,0.36,0.71,15.3,
"0323,13:46",24960,0.0613,1.28,4.59,27.9,8,0.3,1.25,15.3,
"0323,13:46",24970,0.0625,1.17,4.59,25.5,8,0.3,0.7,15.3,
"0323,13:46",24980,0.0572,0.88,4.59,19.1,8,0.31,0.76,15.3,
"0323,13:46",24990,0.0546,1.2,4.59,26.2,8,0.38,1.2,15.3,
"0323,13:46",25000,0.0535,0.84,4.59,18.3,8,0.32,1.21,15.3,
"0323,13:46",25010,0.069,1.05,4.59,22.9,8,0.37,0.98,15.3,
"0323,13:46",25020,0.0534,1.22,4.59,26.5,8,0.33,0.61,15.3,
"0323,13:46",25030,0.0609,1.31,4.59,28.5,8,0.35,1.27,15.3,
"0323,13:46",25040,0.0547,1.18,4.59,25.8,8,0.31,1.26,15.3,
"0323,13:46",25050,0.0543,0.88,4.59,19.1,8,0.33,1.19,15.3,
"0323,13:46",25060,0.0601,1.02,4.59,22.3,8,0.29,1.15,15.3,
"0323,13:46",25070,0.0547,0.54,4.59,11.8,8,0.31,1.04,15.3,
"0323,13:46",25080,0.0627,1.55,4.59,33.8,8,0.4,1.11,15.3,
"0323,13:46",25090,0.0623,1.03,4.59,22.5,8,0.38,1.13,15.3,
"0323,13:46",25100,0.0534,1.19,4.59,26.0,8,0.36,1.01,15.3,
"0323,13:46",25110,0.0575,0.83,4.59,18.1,8,0.32,1.29,15.3,
"0323,13:46",25120,0.0515,0.58,4.59,12.7,8,0.28,1.28,15.3,
"0323,13:46",25130,0.0525,1.11,4.59,24.2,8,0.29,0.67,15.3,
"0323,13:46",25140,0.0602,1.62,4.59,35.3,8,0.38,0.64,15.3,
"0323,13:46",25150,0.0605,1.34,4.59,29.1,8,0.42,1.16,15.3,
"0323,13:46",25160,0.0521,0.97,4.59,21.2,8,0.38,1.27,15.3,
"0323,13:46",25170,0.0588,0.9,4.59,19.6,8,0.34,1.18,15.3,
"0323,13:46",25180,0.0599,1.02,4.59,22.2,8,0.3,1.1,15.3,
"0323,13:46",25190,0.0608,1.34,4.59,29.1,8,0.42,1.16,15.3,
"0323,13:46",25200,0.0588,1.43,4.59,31.2,8,0.37,1.26,15.3,
"0323,13:46",25210,0.055,0.72,4.59,15.6,8,0.3,1.02,15.3,
"0323,13:46",25220,0.0604,1.29,4.59,28.2,8,0.3,1.19,15.3,
"0323,13:46",25230,0.0556,0.66,4.59,14.5,8,0.37,1.11,15.3,
"0323,13:46",25240,0.0487,1.04,4.59,22.6,8,0.35,0.98,15.3,
"0323,13:46",25250,0.0434,0.74,4.59,16.1,8,0.29,1.23,15.3,
"0323,13:46",25260,0.0469,0.71,4.59,15.6,8,0.3,1.22,15.3,
"0323,13:46",25270,0.0488,0.65,4.59,14.1,8,0.31,0.82,15.3,
"0323,13:46",25280,0.0628,1.09,4.59,23.9,8,0.41,1.21,15.3,
"0323,13:46",25290,0.0625,1.31,4.59,28.5,8,0.3,0.66,15.3,
"0323,13:46",25300,0.0582,1.02,4.59,22.2,8,0.3,0.65,15.3,
"0323,13:46",25310,0.0544,0.58,4.59,12.6,8,0.28,1.19,15.3,
"0323,13:46",25320,0.0563,1.45,4.59,31.5,8,0.36,0.59,15.3,
"0323,13:46",25330,0.0497,0.56,4.59,12.3,8,0.28,0.95,15.3,
"0323,13:46",25340,0.0572,0.84,4.59,18.3,8,0.32,0.97,15.3,
"0323,13:46",25350,0.0605,0.9,4.59,19.6,8,0.34,1.17,15.3,
"0323,13:46",25360,0.0565,0.88,4.59,19.1,8,0.32,1.24,15.3,
"0323,13:46",25370,0.055,1.52,4.59,33.1,8,0.38,0.67,15.3,
"0323,13:46",25380,0.0475,0.55,4.59,12.0,8,0.28,1.23,15.3,
"0323,13:46",25390,0.0594,1.23,4.59,26.8,8,0.35,1.31,15.3,
"0323,13:46",25400,0.062,0.58,4.59,12.7,8,0.29,1.19,15.3,
"0323,13:46",25410,0.0517,0.71,4.59,15.4,8,0.31,1.14,15.3,
"0323,13:46",25420,0.0584,1.49,4.59,32.5,8,0.34,0.92,15.3,
"0323,13:46",25430,0.0579,0.64,4.59,13.9,8,0.29,1.23,15.3,
"0323,13:46",25440,0.0657,1.11,4.59,24.2,8,0.31,1.07,15.3,
"0323,13:46",25450,0.0462,0.58,4.59,12.7,8,0.28,1.08,15.3,
"0323,13:46",25460,0.0509,1.3,4.59,28.3,8,0.36,1.05,15.3,
"0323,13:46",25470,0.056,0.93,4.59,20.3,8,0.33,1.19,15.3,
"0323,13:46",25480,0.0673,1.09,4.59,23.9,8,0.41,1.03,15.3,
"0323,13:46",25490,0.0606,1.24,4.59,27.1,8,0.38,1.24,15.3,
"0323,13:46",25500,0.0558,1.2,4.59,26.1,8,0.37,1.18,15.3,
"0323,13:46",25510,0.0561,0.72,4.59,15.6,8,0.3,1.21,15.3,
"0323,13:46",25520,0.0525,0.74,4.59,16.1,8,0.29,1.21,15.3,
"0323,13:46",25530,0.0568,1.49,4.59,32.6,8,0.35,0.69,15.3,
"0323,13:46",25540,0.0555,1.52,4.59,33.1,8,0.38,1.27,15.3,
"0323,13:46",25550,0.0554,0.72,4.59,15.6,8,0.3,1.25,15.3,
"0323,13:46",25560,0.0541,1.2,4.59,26.1,8,0.3,0.69,15.3,
"0323,13:46",25570,0.0524,1.54,4.59,33.6,8,0.35,0.68,15.3,
"0323,13:46",25580,0.0454,1.05,4.59,22.9,8,0.33,1.23,15.3,
"0323,13:46",25590,0.0578,1.18,4.59,25.8,8,0.31,1.08,15.3,
"0323,13:46",25600,0.0597,0.72,4.59,15.8,8,0.28,1.04,15.3,
"0323,13:46",25610,0.0504,1.1,4.59,23.9,8,0.29,1.24,15.3,
"0323,13:46",25620,0.0577,1.1,4.59,24.0,8,0.35,1.14,15.3,
"0323,13:46",25630,0.0555,1.45,4.59,31.6,8,0.37,1.21,15.3,
"0323,13:46",25640,0.0649,1.57,4.59,34.3,8,0.41,1.23,15.3,
"0323,13:46",25650,0.0773,1.16,4.59,25.3,8,0.31,1.18,15.3,
"0323,13:46",25660,0.062,1.42,4.59,30.9,8,0.34,1.24,15.3,
"0323,13:46",25670,0.0591,1.55,4.59,33.8,8,0.4,1.19,15.3,
"0323,13:47",25680,0.0542,0.93,4.59,20.3,8,0.33,1.12,15.3,
"0323,13:47",25690,0.0638,0.7,4.59,15.2,8,0.35,1.1,15.3,
"0323,13:47",25700,0.052,1.55,4.59,33.9,8,0.37,0.79,15.3,
"0323,13:47",25710,0.0516,0.71,4.59,15.4,8,0.28,1.09,15.3,
"0323,13:47",25720,0.0492,0.55,4.59,12.0,8,0.28,1.22,15.3,
"0323,13:47",25730,0.0458,0.59,4.59,12.9,8,0.27,0.62,15.3,
"0323,13:47",25740,0.0611,1.48,4.59,32.3,8,0.37,1.29,15.3,
"0323,13:47",25750,0.0662,1.23,4.59,26.8,8,0.35,0.98,15.3,
"0323,13:47",25760,0.0551,1.17,4.59,25.5,8,0.3,0.73,15.3,
"0323,13:47",25770,0.0616,1.41,4.59,30.7,8,0.33,1.12,15.3,
"0323,13:47",25780,0.0547,0.82,4.59,17.9,8,0.34,1.3,15.3,
"0323,13:47",25790,0.055,0.58,4.59,12.7,8,0.29,1.12,15.3,
"0323,13:47",25800,0.0598,1.32,4.59,28.7,8,0.37,0.63,15.3,
"0323,13:47",25810,0.0533,0.87,4.59,18.9,8,0.34,1.19,15.3,
"0323,13:47",25820,0.0594,1.02,4.59,22.2,8,0.3,0.61,15.3,
"0323,13:47",25830,0.0578,1.24,4.59,27.1,8,0.38,1.16,15.3,
"0323,13:47",25840,0.0522,1.47,4.59,32.0,8,0.37,0.72,15.3,
"0323,13:47",25850,0.0785,1.22,4.59,26.5,8,0.34,1.12,15.3,
"0323,13:47",25860,0.0624,1.62,4.59,35.3,8,0.39,0.75,15.3,
"0323,13:47",25870,0.0496,0.6,4.59,13.2,8,0.32,1.18,15.3,
"0323,13:47",25880,0.0586,0.73,4.59,15.8,8,0.29,1.29,15.3,
"0323,13:47",25890,0.0502,1.45,4.59,31.5,8,0.36,0.78,15.3,
"0323,13:47",25900,0.0558,0.51,4.59,11.2,8,0.28,0.87,15.3,
"0323,13:47",25910,0.063,0.77,4.59,16.9,8,0.33,0.84,15.3,
"0323,13:47",25920,0.0623,1.55,4.59,33.9,8,0.35,0.69,15.3,
"0323,13:47",25930,0.0519,1.2,4.59,26.2,8,0.33,1.25,15.3,
"0323,13:47",25940,0.0569,1.07,4.59,23.4,8,0.28,0.64,15.3,
"0323,13:47",25950,0.0592,1.08,4.59,23.5,8,0.33,1.03,15.3,
"0323,13:47",25960,0.0619,1.34,4.59,29.3,8,0.36,0.89,15.3,
"0323,13:47",25970,0.0533,1.24,4.59,27.0,8,0.29,0.78,15.3,
"0323,13:47",25980,0.0589,1.55,4.59,33.8,8,0.4,1.25,15.3,
"0323,13:47",25990,0.0595,1.54,4.59,33.6,8,0.35,0.93,15.3,
"0323,13:47",26000,0.0625,1.37,4.59,29.8,8,0.31,0.81,15.3,
"0323,13:47",26010,0.0536,1.21,4.59,26.4,8,0.36,1.23,15.3,
"0323,13:47",26020,0.049,0.55,4.59,12.0,8,0.28,1.28,15.3,
"0323,13:47",26030,0.0527,1.19,4.59,25.9,8,0.3,1.28,15.2,
"0323,13:47",26040,0.052,1.29,4.59,28.2,8,0.38,1.28,15.2,
"0323,13:47",26050,0.0564,1.22,4.59,26.6,8,0.32,1.2,15.2,
"0323,13:47",26060,0.052,1.1,4.59,23.9,8,0.28,0.57,15.2,
"0323,13:47",26070,0.0557,1.54,4.59,33.6,8,0.35,1.22,15.2,
"0323,13:47",26080,0.0567,1.2,4.59,26.1,8,0.3,0.53,15.2,
"0323,13:47",26090,0.0545,0.5,4.59,10.8,8,0.27,1.23,15.2,
"0323,13:47",26100,0.053,1.18,4.59,25.7,8,0.3,1.16,15.2,
"0323,13:47",26110,0.0455,0.7,4.59,15.3,8,0.28,0.98,15.2,
"0323,13:47",26120,0.0585,1.34,4.59,29.1,8,0.42,1.25,15.2,
"0323,13:47",26130,0.0611,0.56,4.59,12.2,8,0.28,0.73,15.2,
"0323,13:47",26140,0.0548,0.49,4.59,10.6,8,0.27,1.16,15.2,
"0323,13:47",26150,0.0519,1.15,4.59,25.1,8,0.3,1.21,15.2,
"0323,13:47",26160,0.0723,1.13,4.59,24.7,8,0.37,1.23,15.2,
"0323,13:47",26170,0.0502,1.21,4.59,26.4,8,0.36,1.18,15.2,
"0323,13:47",26180,0.0496,0.7,4.59,15.3,8,0.29,1.26,15.2,
"0323,13:47",26190,0.0626,1.2,4.59,26.2,8,0.37,1.1,15.2,
"0323,13:47",26200,0.0534,0.64,4.59,13.8,8,0.32,0.6,15.2,
"0323,13:47",26210,0.0466,1.45,4.59,31.5,8,0.36,0.82,15.2,
"0323,13:47",26220,0.0616,1.1,4.59,24.0,8,0.35,0.98,15.2,
"0323,13:47",26230,0.056,0.97,4.59,21.2,8,0.38,1.28,15.2,
"0323,13:47",26240,0.053,1.32,4.59,28.7,8,0.37,1.24,15.2,
"0323,13:47",26250,0.0498,1.1,4.59,23.9,8,0.28,0.75,15.2,
"0323,13:47",26260,0.0513,0.5,4.59,10.8,8,0.27,1.14,15.2,
"0323,13:47",26270,0.0631,1.55,4.59,33.8,8,0.4,1.15,15.2,
"0323,13:47",26280,0.0494,0.82,4.59,17.9,8,0.34,1.33,15.2,
"0323,13:47",26290,0.0719,1.05,4.59,22.9,8,0.37,0.95,15.2,
"0323,13:47",26300,0.0575,1.29,4.59,28.1,8,0.35,0.64,15.2,
"0323,13:47",26310,0.057,0.7,4.59,15.3,8,0.33,1.05,15.2,
"0323,13:47",26320,0.0483,0.74,4.59,16.1,8,0.29,1.21,15.2,
"0323,13:47",26330,0.0498,0.58,4.59,12.7,8,0.28,0.88,15.2,
"0323,13:47",26340,0.0557,0.63,4.59,13.8,8,0.36,1.1,15.2,
"0323,13:47",26350,0.0527,0.64,4.59,13.9,8,0.29,1.22,15.2,
"0323,13:47",26360,0.0656,1.56,4.59,33.9,8,0.39,0.8,15.2,
"0323,13:47",26370,0.0535,1.13,4.59,24.6,8,0.32,1.24,15.2,
"0323,13:47",26380,0.0507,0.7,4.59,15.3,8,0.27,1.0,15.2,
"0323,13:47",26390,0.0567,1.09,4.59,23.7,8,0.37,1.2,15.2,
"0323,13:47",26400,0.0584,0.98,4.59,21.4,8,0.32,1.22,15.2,
"0323,13:47",26410,0.0722,1.09,4.59,23.9,8,0.41,1.16,15.2,
"0323,13:47",26420,0.0563,1.49,4.59,32.5,8,0.34,0.83,15.2,
"0323,13:47",26430,0.0565,0.5,4.59,10.8,8,0.27,0.68,15.2,
"0323,13:47",26440,0.0521,1.2,4.59,26.1,8,0.3,1.22,15.2,
"0323,13:47",26450,0.0606,1.54,4.59,33.6,8,0.35,1.28,15.2,
"0323,13:47",26460,0.0708,1.19,4.59,25.9,8,0.31,1.3,15.2,
"0323,13:48",26470,0.0482,1.08,4.59,23.5,8,0.34,1.25,15.2,
"0323,13:48",26480,0.0485,0.64,4.59,13.9,8,0.29,1.08,15.2,
"0323,13:48",26490,0.0551,1.52,4.59,33.1,8,0.38,1.26,15.2,
"0323,13:48",26500,0.047,0.63,4.59,13.8,8,0.37,1.28,15.2,
"0323,13:48",26510,0.0611,1.42,4.59,30.9,8,0.34,1.06,15.2,
"0323,13:48",26520,0.054,0.71,4.59,15.4,8,0.27,1.25,15.2,
"0323,13:48",26530,0.0652,1.34,4.59,29.1,8,0.42,1.25,15.2,
"0323,13:48",26540,0.0485,0.58,4.59,12.6,8,0.27,1.11,15.2,
"0323,13:48",26550,0.0478,0.55,4.59,12.0,8,0.28,1.12,15.2,
"0323,13:48",26560,0.0513,0.59,4.59,12.9,8,0.28,1.19,15.2,
"0323,13:48",26570,0.0489,1.01,4.59,21.9,8,0.29,1.0,15.2,
"0323,13:48",26580,0.0465,0.72,4.59,15.7,8,0.31,0.94,15.2,
"0323,13:48",26590,0.0536,1.01,4.59,22.1,8,0.34,1.29,15.2,
"0323,13:48",26600,0.0508,1.04,4.59,22.6,8,0.35,1.07,15.2,
"0323,13:48",26610,0.0515,1.55,4.59,33.8,8,0.41,0.71,15.2,
"0323,13:48",26620,0.0571,1.33,4.59,29.0,8,0.32,1.28,15.2,
"0323,13:48",26630,0.0539,0.59,4.59,12.9,8,0.29,1.12,15.2,
"0323,13:48",26640,0.0586,1.43,4.59,31.2,8,0.37,1.31,15.2,
"0323,13:48",26650,0.0528,0.58,4.59,12.7,8,0.28,1.22,15.2,
"0323,13:48",26660,0.0681,1.49,4.59,32.5,8,0.34,0.75,15.2,
"0323,13:48",26670,0.0698,1.2,4.59,26.2,8,0.36,1.22,15.2,
"0323,13:48",26680,0.0487,1.22,4.59,26.5,8,0.33,1.29,15.2,
"0323,13:48",26690,0.0593,0.56,4.59,12.2,8,0.28,0.86,15.2,
"0323,13:48",26700,0.0518,1.18,4.59,25.7,8,0.34,1.25,15.2,
"0323,13:48",26710,0.0636,1.55,4.59,33.8,8,0.4,1.21,15.2,
"0323,13:48",26720,0.0704,1.22,4.59,26.5,8,0.34,1.01,15.2,
"0323,13:48",26730,0.0491,1.13,4.59,24.6,8,0.32,0.66,15.2,
"0323,13:48",26740,0.0582,1.29,4.59,28.1,8,0.35,1.28,15.2,
"0323,13:48",26750,0.0555,1.19,4.59,25.9,8,0.3,1.19,15.2,
"0323,13:48",26760,0.0575,0.64,4.59,13.9,8,0.29,0.91,15.2,
"0323,13:48",26770,0.0666,1.2,4.59,26.2,8,0.36,1.17,15.2,
"0323,13:48",26780,0.0551,0.98,4.59,21.3,8,0.34,1.19,15.2,
"0323,13:48",26790,0.0583,0.73,4.59,15.9,8,0.33,1.19,15.2,
"0323,13:48",26800,0.0527,0.53,4.59,11.6,8,0.3,1.14,15.2,
"0323,13:48",26810,0.0618,1.23,4.59,26.9,8,0.34,1.21,15.2,
"0323,13:48",26820,0.0556,1.24,4.59,27.1,8,0.38,1.19,15.2,
"0323,13:48",26830,0.0536,1.3,4.59,28.3,8,0.36,1.14,15.2,
"0323,13:48",26840,0.0508,1.55,4.59,33.8,8,0.41,0.74,15.2,
"0323,13:48",26850,0.0524,0.64,4.59,13.8,8,0.32,0.95,15.2,
"0323,13:48",26860,0.0539,1.1,4.59,23.9,8,0.28,0.64,15.2,
"0323,13:48",26870,0.0549,0.77,4.59,16.9,8,0.33,0.87,15.2,
"0323,13:48",26880,0.0515,1.54,4.59,33.6,8,0.34,1.28,15.2,
"0323,13:48",26890,0.0607,1.26,4.59,27.5,8,0.34,0.71,15.2,
"0323,13:48",26900,0.049,0.68,4.59,14.7,8,0.28,0.86,15.2,
"0323,13:48",26910,0.0573,0.83,4.59,18.2,8,0.38,1.1,15.2,
"0323,13:48",26920,0.0488,0.98,4.59,21.4,8,0.31,0.69,15.2,
"0323,13:48",26930,0.0648,0.98,4.59,21.4,8,0.32,1.13,15.2,
"0323,13:48",26940,0.0592,0.83,4.59,18.1,8,0.32,1.0,15.2,
"0323,13:48",26950,0.0559,0.51,4.59,11.2,8,0.29,1.27,15.2,
"0323,13:48",26960,0.0626,0.71,4.59,15.5,8,0.37,1.22,15.2,
"0323,13:48",26970,0.049,0.67,4.59,14.6,8,0.29,1.08,15.2,
"0323,13:48",26980,0.0507,1.52,4.59,33.1,8,0.38,0.75,15.2,
"0323,13:48",26990,0.0559,0.66,4.59,14.5,8,0.37,1.28,15.2,
"0323,13:48",27000,0.0483,0.74,4.59,16.1,8,0.29,0.89,15.2,
"0323,13:48",27010,0.0528,0.82,4.59,17.9,8,0.34,1.25,15.2,
"0323,13:48",27020,0.0691,1.29,4.59,28.2,8,0.3,1.21,15.2,
"0323,13:48",27030,0.0573,1.02,4.59,22.3,8,0.3,1.21,15.2,
"0323,13:48",27040,0.0569,0.54,4.59,11.8,8,0.31,1.3,15.2,
"0323,13:48",27050,0.0496,0.63,4.59,13.8,8,0.36,0.9,15.2,
"0323,13:48",27060,0.0642,0.59,4.59,12.9,8,0.29,0.65,15.2,
"0323,13:48",27070,0.0579,0.98,4.59,21.4,8,0.31,1.2,15.2,
"0323,13:48",27080,0.0443,0.56,4.59,12.3,8,0.28,0.98,15.2,
"0323,13:48",27090,0.0564,1.1,4.59,24.0,8,0.34,0.92,15.2,
"0323,13:48",27100,0.0451,0.56,4.59,12.2,8,0.32,0.68,15.2,
"0323,13:48",27110,0.0581,0.65,4.59,14.1,8,0.31,1.23,15.2,
"0323,13:48",27120,0.0577,0.55,4.59,12.0,8,0.28,0.86,15.2,
"0323,13:48",27130,0.0512,1.07,4.59,23.4,8,0.32,1.22,15.2,
"0323,13:48",27140,0.0573,1.13,4.59,24.6,8,0.32,1.27,15.2,
"0323,13:48",27150,0.0525,1.05,4.59,22.9,8,0.33,1.31,15.2,
"0323,13:48",27160,0.0487,0.58,4.59,12.6,8,0.27,1.23,15.2,
"0323,13:48",27170,0.0453,0.71,4.59,15.6,8,0.3,0.89,15.2,
"0323,13:48",27180,0.0553,1.49,4.59,32.5,8,0.34,1.25,15.2,
"0323,13:48",27190,0.0524,0.72,4.59,15.6,8,0.3,1.19,15.2,
"0323,13:48",27200,0.0548,0.98,4.59,21.3,8,0.33,1.18,15.2,
"0323,13:48",27210,0.0563,0.54,4.59,11.8,8,0.31,1.09,15.2,
"0323,13:48",27220,0.0533,0.98,4.59,21.3,8,0.33,1.19,15.2,
"0323,13:48",27230,0.0579,1.13,4.59,24.6,8,0.32,1.28,15.2,
"0323,13:48",27240,0.0486,1.24,4.59,27.0,8,0.29,0.75,15.2,
"0323,13:48",27250,0.0616,0.65,4.59,14.1,8,0.31,1.11,15.2,
"0323,13:48",27260,0.0503,1.45,4.59,31.5,8,0.36,0.71,15.2,
"0323,13:48",27270,0.0586,1.05,4.59,22.8,8,0.34,0.54,15.2,
"0323,13:49",27280,0.0622,1.34,4.59,29.1,8,0.42,1.3,15.2,
"0323,13:49",27290,0.0648,1.29,4.59,28.2,8,0.3,1.22,15.2,
"0323,13:49",27300,0.0539,1.33,4.59,29.0,8,0.32,0.75,15.1,
"0323,13:49",27310,0.0473,1.16,4.59,25.3,8,0.33,1.1,15.1,
"0323,13:49",27320,0.0595,0.73,4.59,15.9,8,0.29,1.28,15.1,
"0323,13:49",27330,0.0498,0.54,4.59,11.9,8,0.29,0.78,15.1,
"0323,13:49",27340,0.0534,1.37,4.59,29.8,8,0.35,0.71,15.1,
"0323,13:49",27350,0.0497,0.64,4.59,13.8,8,0.32,1.22,15.1,
"0323,13:49",27360,0.0601,1.34,4.59,29.3,8,0.37,1.34,15.1,
"0323,13:49",27370,0.0538,1.48,4.59,32.3,8,0.37,1.32,15.1,
"0323,13:49",27380,0.047,1.52,4.59,33.1,8,0.38,0.82,15.1,
"0323,13:49",27390,0.0482,1.16,4.59,25.3,8,0.33,1.26,15.1,
"0323,13:49",27400,0.0517,0.54,4.59,11.9,8,0.29,1.02,15.1,
"0323,13:49",27410,0.0497,1.11,4.59,24.2,8,0.29,0.69,15.1,
"0323,13:49",27420,0.0569,1.14,4.59,25.0,8,0.34,1.22,15.1,
"0323,13:49",27430,0.0555,0.98,4.59,21.3,8,0.33,1.24,15.1,
"0323,13:49",27440,0.0566,0.59,4.59,12.9,8,0.29,0.97,15.1,
"0323,13:49",27450,0.0499,0.58,4.59,12.7,8,0.29,0.87,15.1,
"0323,13:49",27460,0.0551,1.17,4.59,25.4,8,0.34,1.2,15.1,
"0323,13:49",27470,0.0491,1.33,4.59,29.0,8,0.32,0.96,15.1,
"0323,13:49",27480,0.0563,1.43,4.59,31.2,8,0.34,1.25,15.1,
"0323,13:49",27490,0.0557,1.49,4.59,32.6,8,0.35,0.64,15.1,
"0323,13:49",27500,0.0512,1.22,4.59,26.5,8,0.32,0.61,15.1,
"0323,13:49",27510,0.0559,1.01,4.59,21.9,8,0.29,1.05,15.1,
"0323,13:49",27520,0.0487,1.26,4.59,27.5,8,0.36,0.65,15.1,
"0323,13:49",27530,0.0578,1.1,4.59,24.0,8,0.35,1.27,15.1,
"0323,13:49",27540,0.0583,1.52,4.59,33.1,8,0.38,0.77,15.1,
"0323,13:49",27550,0.0552,0.98,4.59,21.3,8,0.33,1.29,15.1,
"0323,13:49",27560,0.0452,0.7,4.59,15.3,8,0.29,1.22,15.1,
"0323,13:49",27570,0.0507,1.48,4.59,32.3,8,0.37,0.73,15.1,
"0323,13:49",27580,0.0588,1.32,4.59,28.7,8,0.37,1.17,15.1,
"0323,13:49",27590,0.0521,0.82,4.59,17.9,8,0.34,0.96,15.1,
"0323,13:49",27600,0.0572,1.37,4.59,29.8,8,0.31,0.61,15.1,
"0323,13:49",27610,0.0659,1.57,4.59,34.3,8,0.41,0.8,15.1,
"0323,13:49",27620,0.0522,0.93,4.59,20.3,8,0.33,1.07,15.1,
"0323,13:49",27630,0.06,1.26,4.59,27.5,8,0.31,1.2,15.1,
"0323,13:49",27640,0.0515,1.1,4.59,23.9,8,0.28,1.09,15.1,
"0323,13:49",27650,0.0434,0.72,4.59,15.8,8,0.28,1.08,15.1,
"0323,13:49",27660,0.068,1.31,4.59,28.5,8,0.3,1.13,15.1,
"0323,13:49",27670,0.0586,1.54,4.59,33.6,8,0.35,1.21,15.1,
"0323,13:49",27680,0.0608,0.98,4.59,21.4,8,0.32,1.21,15.1,
"0323,13:49",27690,0.0605,1.26,4.59,27.5,8,0.34,1.21,15.1,
"0323,13:49",27700,0.0489,0.73,4.59,15.9,8,0.29,1.25,15.1,
"0323,13:49",27710,0.0595,1.56,4.59,33.9,8,0.39,1.29,15.1,
"0323,13:49",27720,0.0525,0.67,4.59,14.6,8,0.29,1.15,15.1,
"0323,13:49",27730,0.0516,1.26,4.59,27.5,8,0.31,1.2,15.1,
"0323,13:49",27740,0.0513,0.6,4.59,13.2,8,0.32,0.63,15.1,
"0323,13:49",27750,0.0472,0.64,4.59,13.8,8,0.32,1.18,15.1,
"0323,13:49",27760,0.0503,1.32,4.59,28.7,8,0.37,1.17,15.1,
"0323,13:49",27770,0.0528,0.55,4.59,12.0,8,0.28,1.16,15.1,
"0323,13:49",27780,0.0531,0.82,4.59,17.9,8,0.34,1.27,15.1,
"0323,13:49",27790,0.053,0.67,4.59,14.5,8,0.32,1.01,15.1,
"0323,13:49",27800,0.0497,0.88,4.59,19.1,8,0.32,1.31,15.1,
"0323,13:49",27810,0.0537,0.83,4.59,18.2,8,0.38,1.13,15.1,
"0323,13:49",27820,0.0505,1.03,4.59,22.4,8,0.37,1.01,15.1,
"0323,13:49",27830,0.0592,1.23,4.59,26.9,8,0.35,1.12,15.1,
"0323,13:49",27840,0.0603,1.05,4.59,22.9,8,0.38,1.21,15.1,
"0323,13:49",27850,0.0591,1.48,4.59,32.3,8,0.37,0.68,15.1,
"0323,13:49",27860,0.0536,1.37,4.59,29.8,8,0.35,0.65,15.1,
"0323,13:49",27870,0.0605,1.1,4.59,24.0,8,0.35,0.97,15.1,
"0323,13:49",27880,0.0534,1.45,4.59,31.6,8,0.37,0.83,15.1,
"0323,13:49",27890,0.057,1.11,4.59,24.2,8,0.31,0.72,15.1,
"0323,13:49",27900,0.0599,0.98,4.59,21.3,8,0.33,1.32,15.1,
"0323,13:49",27910,0.0493,0.7,4.59,15.3,8,0.3,0.96,15.1,
"0323,13:49",27920,0.0467,1.05,4.59,22.9,8,0.32,1.22,15.1,
"0323,13:49",27930,0.0527,0.83,4.59,18.1,8,0.32,0.97,15.1,
"0323,13:49",27940,0.0441,0.72,4.59,15.8,8,0.28,1.19,15.1,
"0323,13:49",27950,0.0443,0.63,4.59,13.8,8,0.36,1.22,15.1,
"0323,13:49",27960,0.0602,0.71,4.59,15.5,8,0.37,1.3,15.1,
"0323,13:49",27970,0.0581,1.26,4.59,27.5,8,0.31,0.73,15.1,
"0323,13:49",27980,0.051,1.32,4.59,28.7,8,0.37,1.32,15.1,
"0323,13:49",27990,0.0505,1.17,4.59,25.5,8,0.3,0.62,15.1,
"0323,13:49",28000,0.0514,0.98,4.59,21.3,8,0.33,0.71,15.1,
"0323,13:49",28010,0.0512,0.71,4.59,15.4,8,0.31,0.6,15.1,
"0323,13:49",28020,0.0599,1.11,4.59,24.2,8,0.29,1.08,15.1,
"0323,13:49",28030,0.0584,0.84,4.59,18.3,8,0.35,1.26,15.1,
"0323,13:49",28040,0.0547,0.88,4.59,19.1,8,0.32,1.26,15.1,
"0323,13:49",28050,0.0493,1.1,4.59,24.0,8,0.34,1.2,15.1,
"0323,13:49",28060,0.049,0.7,4.59,15.3,8,0.28,1.26,15.1,
"0323,13:50",28070,0.0661,1.29,4.59,28.2,8,0.3,0.64,15.1,
"0323,13:50",28080,0.0534,0.7,4.59,15.2,8,0.35,1.15,15.1,
"0323,13:50",28090,0.0526,1.05,4.59,22.9,8,0.37,1.06,15.1,
"0323,13:50",28100,0.0572,1.19,4.59,25.9,8,0.31,1.23,15.1,
"0323,13:50",28110,0.0551,1.49,4.59,32.6,8,0.35,1.23,15.1,
"0323,13:50",28120,0.0569,1.62,4.59,35.3,8,0.38,1.31,15.1,
"0323,13:50",28130,0.0572,0.54,4.59,11.8,8,0.31,0.77,15.1,
"0323,13:50",28140,0.0584,1.18,4.59,25.7,8,0.29,1.22,15.1,
"0323,13:50",28150,0.0569,1.42,4.59,30.9,8,0.34,0.83,15.1,
"0323,13:50",28160,0.0593,0.98,4.59,21.4,8,0.31,0.61,15.1,
"0323,13:50",28170,0.0508,0.7,4.59,15.3,8,0.29,0.97,15.1,
"0323,13:50",28180,0.0543,0.67,4.59,14.7,8,0.32,0.91,15.1,
"0323,13:50",28190,0.0486,0.71,4.59,15.4,8,0.31,0.59,15.1,
"0323,13:50",28200,0.0564,1.43,4.59,31.2,8,0.34,1.34,15.1,
"0323,13:50",28210,0.0502,1.55,4.59,33.9,8,0.38,0.78,15.1,
"0323,13:50",28220,0.0523,1.18,4.59,25.7,8,0.34,1.12,15.1,
"0323,13:50",28230,0.0468,1.2,4.59,26.2,8,0.38,1.24,15.1,
"0323,13:50",28240,0.0543,0.97,4.59,21.2,8,0.38,0.88,15.1,
"0323,13:50",28250,0.0568,0.9,4.59,19.6,8,0.34,1.08,15.1,
"0323,13:50",28260,0.0518,1.19,4.59,25.9,8,0.35,1.14,15.1,
"0323,13:50",28270,0.0531,0.58,4.59,12.6,8,0.28,1.26,15.1,
"0323,13:50",28280,0.0447,0.71,4.59,15.6,8,0.3,0.87,15.1,
"0323,13:50",28290,0.0489,1.45,4.59,31.5,8,0.36,0.55,15.1,
"0323,13:50",28300,0.0653,1.62,4.59,35.3,8,0.38,0.76,15.1,
"0323,13:50",28310,0.0661,1.03,4.59,22.5,8,0.38,1.18,15.1,
"0323,13:50",28320,0.0589,0.72,4.59,15.6,8,0.3,1.13,15.1,
"0323,13:50",28330,0.0551,1.12,4.59,24.4,8,0.32,1.13,15.1,
"0323,13:50",28340,0.062,1.55,4.59,33.8,8,0.4,1.31,15.1,
"0323,13:50",28350,0.0487,1.08,4.59,23.5,8,0.36,1.02,15.1,
"0323,13:50",28360,0.0496,0.82,4.59,17.9,8,0.34,1.19,15.1,
"0323,13:50",28370,0.0705,1.16,4.59,25.3,8,0.31,0.87,15.1,
"0323,13:50",28380,0.0557,0.7,4.59,15.2,8,0.35,1.14,15.1,
"0323,13:50",28390,0.0482,1.03,4.59,22.4,8,0.37,1.31,15.1,
"0323,13:50",28400,0.0565,1.55,4.59,33.8,8,0.4,1.25,15.1,
"0323,13:50",28410,0.052,0.72,4.59,15.6,8,0.3,1.25,15.1,
"0323,13:50",28420,0.0448,0.7,4.59,15.3,8,0.27,0.77,15.1,
"0323,13:50",28430,0.0469,0.55,4.59,12.0,8,0.28,1.1,15.1,
"0323,13:50",28440,0.0551,1.41,4.59,30.7,8,0.33,0.71,15.1,
"0323,13:50",28450,0.0553,1.28,4.59,27.9,8,0.3,0.7,15.1,
"0323,13:50",28460,0.064,1.37,4.59,29.8,8,0.31,0.51,15.1,
"0323,13:50",28470,0.0504,0.56,4.59,12.2,8,0.32,1.21,15.1,
"0323,13:50",28480,0.0637,1.03,4.59,22.5,8,0.38,1.21,15.1,
"0323,13:50",28490,0.0617,1.23,4.59,26.8,8,0.35,0.59,15.1,
"0323,13:50",28500,0.0559,0.87,4.59,18.9,8,0.34,1.0,15.1,
"0323,13:50",28510,0.0528,1.43,4.59,31.2,8,0.34,1.24,15.1,
"0323,13:50",28520,0.0483,0.64,4.59,13.8,8,0.32,0.96,15.1,
"0323,13:50",28530,0.0455,0.67,4.59,14.6,8,0.29,0.98,15.1,
"0323,13:50",28540,0.0501,0.88,4.59,19.1,8,0.31,1.13,15.1,
"0323,13:50",28550,0.0489,0.71,4.59,15.4,8,0.27,0.97,15.1,
"0323,13:50",28560,0.0606,1.06,4.59,23.2,8,0.33,0.7,15.1,
"0323,13:50",28570,0.0565,0.88,4.59,19.1,8,0.32,1.18,15.1,
"0323,13:50",28580,0.0559,0.98,4.59,21.4,8,0.31,1.2,15.1,
"0323,13:50",28590,0.0584,1.02,4.59,22.2,8,0.3,1.24,15.1,
"0323,13:50",28600,0.05,0.73,4.59,15.9,8,0.29,0.95,15.1,
"0323,13:50",28610,0.0562,1.17,4.59,25.4,8,0.34,1.22,15.1,
"0323,13:50",28620,0.0467,1.37,4.59,29.8,8,0.35,0.83,15.1,
"0323,13:50",28630,0.0553,0.83,4.59,18.1,8,0.32,1.03,15.1,
"0323,13:50",28640,0.0484,1.08,4.59,23.5,8,0.34,0.99,15.1,
"0323,13:50",28650,0.067,1.03,4.59,22.5,8,0.33,1.13,15.1,
"0323,13:50",28660,0.0511,1.14,4.59,24.9,8,0.35,1.09,15.1,
"0323,13:50",28670,0.0684,1.28,4.59,27.9,8,0.38,1.18,15.0,
"0323,13:50",28680,0.0514,0.93,4.59,20.3,8,0.33,1.22,15.0,
"0323,13:50",28690,0.076,1.16,4.59,25.3,8,0.31,0.63,15.0,
"0323,13:50",28700,0.0545,1.49,4.59,32.6,8,0.35,0.68,15.0,
"0323,13:50",28710,0.0553,0.88,4.59,19.1,8,0.33,1.14,15.0,
"0323,13:50",28720,0.0554,1.18,4.59,25.7,8,0.34,1.21,15.0,
"0323,13:50",28730,0.0689,1.03,4.59,22.5,8,0.38,1.28,15.0,
"0323,13:50",28740,0.05,0.67,4.59,14.6,8,0.28,0.69,15.0,
"0323,13:50",28750,0.0488,0.58,4.59,12.6,8,0.27,0.94,15.0,
"0323,13:50",28760,0.0516,0.87,4.59,18.9,8,0.34,1.17,15.0,
"0323,13:50",28770,0.0496,0.7,4.59,15.3,8,0.3,1.21,15.0,
"0323,13:50",28780,0.0503,0.58,4.59,12.7,8,0.28,0.59,15.0,
"0323,13:50",28790,0.0619,1.29,4.59,28.2,8,0.3,0.69,15.0,
"0323,13:50",28800,0.0536,0.58,4.59,12.6,8,0.28,0.99,15.0,
"0323,13:50",28810,0.0507,0.99,4.59,21.6,8,0.3,1.28,15.0,
"0323,13:50",28820,0.0624,1.21,4.59,26.4,8,0.37,1.1,15.0,
"0323,13:50",28830,0.0582,1.07,4.59,23.4,8,0.28,1.01,15.0,
"0323,13:50",28840,0.0621,0.72,4.59,15.8,8,0.28,1.19,15.0,
"0323,13:50",28850,0.0513,1.09,4.59,23.7,8,0.37,1.28,15.0,
"0323,13:50",28860,0.056,0.93,4.59,20.3,8,0.33,0.71,15.0,
"0323,13:51",28870,0.0577,1.02,4.59,22.2,8,0.3,1.19,15.0,
"0323,13:51",28880,0.0494,1.22,4.59,26.5,8,0.33,1.28,15.0,
"0323,13:51",28890,0.0525,0.53,4.59,11.6,8,0.29,1.2,15.0,
"0323,13:51",28900,0.053,0.67,4.59,14.6,8,0.28,1.16,15.0,
"0323,13:51",28910,0.048,0.87,4.59,18.9,8,0.36,1.01,15.0,
"0323,13:51",28920,0.0505,0.98,4.59,21.3,8,0.33,1.2,15.0,
"0323,13:51",28930,0.0552,1.39,4.59,30.2,8,0.35,0.72,15.0,
"0323,13:51",28940,0.0518,1.37,4.59,29.8,8,0.35,1.34,15.0,
"0323,13:51",28950,0.0531,1.17,4.59,25.5,8,0.3,0.65,15.0,
"0323,13:51",28960,0.0563,0.58,4.59,12.7,8,0.28,1.27,15.0,
"0323,13:51",28970,0.0672,1.13,4.59,24.7,8,0.37,1.26,15.0,
"0323,13:51",28980,0.0606,1.41,4.59,30.7,8,0.33,0.78,15.0,
"0323,13:51",28990,0.0633,1.34,4.59,29.3,8,0.36,1.28,15.0,
"0323,13:51",29000,0.055,0.53,4.59,11.6,8,0.3,0.55,15.0,
"0323,13:51",29010,0.0607,1.56,4.59,33.9,8,0.39,1.29,15.0,
"0323,13:51",29020,0.0474,1.3,4.59,28.3,8,0.36,1.16,15.0,
"0323,13:51",29030,0.0462,1.17,4.59,25.4,8,0.34,1.26,15.0,
"0323,13:51",29040,0.0473,0.68,4.59,14.7,8,0.28,0.87,15.0,
"0323,13:51",29050,0.0634,1.02,4.59,22.3,8,0.3,1.28,15.0,
"0323,13:51",29060,0.0629,1.55,4.59,33.8,8,0.41,1.3,15.0,
"0323,13:51",29070,0.0516,0.67,4.59,14.7,8,0.32,1.28,15.0,
"0323,13:51",29080,0.0464,0.54,4.59,11.9,8,0.28,0.86,15.0,
"0323,13:51",29090,0.0543,1.54,4.59,33.6,8,0.35,1.09,15.0,
"0323,13:51",29100,0.052,1.15,4.59,25.1,8,0.3,1.29,15.0,
"0323,13:51",29110,0.0498,0.63,4.59,13.8,8,0.37,1.21,15.0,
"0323,13:51",29120,0.0521,1.45,4.59,31.6,8,0.37,1.26,15.0,
"0323,13:51",29130,0.0553,1.05,4.59,22.9,8,0.33,1.16,15.0,
"0323,13:51",29140,0.0559,1.49,4.59,32.5,8,0.34,1.01,15.0,
"0323,13:51",29150,0.0513,1.09,4.59,23.7,8,0.37,1.2,15.0,
"0323,13:51",29160,0.0467,0.67,4.59,14.6,8,0.29,1.04,15.0,
"0323,13:51",29170,0.0603,0.73,4.59,15.9,8,0.33,1.15,15.0,
"0323,13:51",29180,0.053,1.08,4.59,23.5,8,0.36,1.22,15.0,
"0323,13:51",29190,0.0785,1.22,4.59,26.5,8,0.34,1.17,15.0,
"0323,13:51",29200,0.0626,1.18,4.59,25.7,8,0.36,0.85,15.0,
"0323,13:51",29210,0.0564,0.98,4.59,21.3,8,0.33,0.6,15.0,
"0323,13:51",29220,0.0551,0.72,4.59,15.6,8,0.3,1.03,15.0,
"0323,13:51",29230,0.0496,1.03,4.59,22.4,8,0.37,1.35,15.0,
"0323,13:51",29240,0.0482,0.71,4.59,15.6,8,0.3,1.28,15.0,
"0323,13:51",29250,0.0448,1.18,4.59,25.6,8,0.37,1.3,15.0,
"0323,13:51",29260,0.0478,1.2,4.59,26.2,8,0.38,1.27,15.0,
"0323,13:51",29270,0.057,1.12,4.59,24.4,8,0.32,1.13,15.0,
"0323,13:51",29280,0.0569,1.15,4.59,25.1,8,0.3,1.07,15.0,
"0323,13:51",29290,0.0523,1.29,4.59,28.1,8,0.35,1.28,15.0,
"0323,13:51",29300,0.0547,1.31,4.59,28.5,8,0.35,1.26,15.0,
"0323,13:51",29310,0.0445,1.26,4.59,27.5,8,0.36,1.32,15.0,
"0323,13:51",29320,0.0535,1.11,4.59,24.2,8,0.29,1.15,15.0,
"0323,13:51",29330,0.0611,1.56,4.59,33.9,8,0.39,1.25,15.0,
"0323,13:51",29340,0.0539,1.1,4.59,24.0,8,0.34,1.08,15.0,
"0323,13:51",29350,0.0582,1.01,4.59,21.9,8,0.29,1.04,15.0,
"0323,13:51",29360,0.0578,1.37,4.59,29.8,8,0.31,0.54,15.0,
"0323,13:51",29370,0.0526,0.73,4.59,15.8,8,0.29,1.23,15.0,
"0323,13:51",29380,0.0589,0.84,4.59,18.3,8,0.32,1.29,15.0,
"0323,13:51",29390,0.0492,1.29,4.59,28.2,8,0.38,1.21,15.0,
"0323,13:51",29400,0.051,0.67,4.59,14.6,8,0.29,1.02,15.0,
"0323,13:51",29410,0.0485,1.1,4.59,24.0,8,0.34,1.33,15.0,
"0323,13:51",29420,0.0553,1.18,4.59,25.7,8,0.34,0.71,15.0,
"0323,13:51",29430,0.0565,1.17,4.59,25.5,8,0.3,0.54,15.0,
"0323,13:51",29440,0.0534,1.32,4.59,28.7,8,0.37,1.28,15.0,
"0323,13:51",29450,0.0437,1.19,4.59,26.0,8,0.36,1.28,15.0,
"0323,13:51",29460,0.0607,1.57,4.59,34.3,8,0.41,1.28,15.0,
"0323,13:51",29470,0.0463,0.72,4.59,15.6,8,0.3,1.12,15.0,
"0323,13:51",29480,0.0604,0.54,4.59,11.9,8,0.28,1.21,15.0,
"0323,13:51",29490,0.0646,1.23,4.59,26.8,8,0.35,1.29,15.0,
"0323,13:51",29500,0.0615,0.98,4.59,21.4,8,0.32,1.24,15.0,
"0323,13:51",29510,0.0537,1.18,4.59,25.8,8,0.31,1.12,15.0,
"0323,13:51",29520,0.051,0.67,4.59,14.6,8,0.28,1.15,15.0,
"0323,13:51",29530,0.053,0.65,4.59,14.1,8,0.31,0.97,15.0,
"0323,13:51",29540,0.0486,0.59,4.59,12.9,8,0.28,1.15,15.0,
"0323,13:51",29550,0.0509,1.45,4.59,31.5,8,0.36,0.71,15.0,
"0323,13:51",29560,0.0646,1.15,4.59,25.1,8,0.3,1.24,15.0,
"0323,13:51",29570,0.0693,1.56,4.59,34.0,8,0.38,1.25,15.0,
"0323,13:51",29580,0.0507,1.04,4.59,22.6,8,0.35,1.29,15.0,
"0323,13:51",29590,0.0495,1.18,4.59,25.7,8,0.34,1.24,15.0,
"0323,13:51",29600,0.0535,1.22,4.59,26.6,8,0.32,1.19,15.0,
"0323,13:51",29610,0.0636,1.1,4.59,24.1,8,0.29,0.74,15.0,
"0323,13:51",29620,0.0496,0.67,4.59,14.6,8,0.29,1.16,15.0,
"0323,13:51",29630,0.0583,1.55,4.59,33.8,8,0.41,1.36,15.0,
"0323,13:51",29640,0.0657,1.21,4.59,26.4,8,0.35,1.18,15.0,
"0323,13:51",29650,0.0594,0.98,4.59,21.4,8,0.31,0.62,15.0,
"0323,13:51",29660,0.0481,1.22,4.59,26.5,8,0.33,0.72,15.0,
"0323,13:52",29670,0.0634,0.82,4.59,17.9,8,0.34,1.1,15.0,
"0323,13:52",29680,0.0534,0.64,4.59,13.9,8,0.3,0.9,15.0,
"0323,13:52",29690,0.0504,0.73,4.59,15.8,8,0.29,1.24,15.0,
"0323,13:52",29700,0.0535,1.05,4.59,22.9,8,0.37,1.07,15.0,
"0323,13:52",29710,0.056,1.09,4.59,23.7,8,0.37,1.26,15.0,
"0323,13:52",29720,0.0527,0.6,4.59,13.2,8,0.33,0.99,15.0,
"0323,13:52",29730,0.0548,1.54,4.59,33.6,8,0.35,1.29,15.0,
"0323,13:52",29740,0.066,1.23,4.59,26.9,8,0.35,1.2,15.0,
"0323,13:52",29750,0.0535,1.1,4.59,24.0,8,0.35,1.12,15.0,
"0323,13:52",29760,0.0585,1.26,4.59,27.5,8,0.37,1.12,15.0,
"0323,13:52",29770,0.0447,0.67,4.59,14.6,8,0.29,0.99,15.0,
"0323,13:52",29780,0.0505,1.48,4.59,32.3,8,0.37,0.8,15.0,
"0323,13:52",29790,0.0537,1.55,4.59,33.9,8,0.38,1.36,15.0,
"0323,13:52",29800,0.0494,1.21,4.59,26.4,8,0.37,1.05,15.0,
"0323,13:52",29810,0.063,1.54,4.59,33.6,8,0.35,0.7,15.0,
"0323,13:52",29820,0.0634,1.55,4.59,33.8,8,0.4,1.21,15.0,
"0323,13:52",29830,0.0507,1.2,4.59,26.1,8,0.3,1.24,15.0,
"0323,13:52",29840,0.0475,0.72,4.59,15.6,8,0.3,0.83,15.0,
"0323,13:52",29850,0.0662,1.23,4.59,26.8,8,0.35,0.61,15.0,
"0323,13:52",29860,0.0525,0.58,4.59,12.6,8,0.27,1.03,15.0,
"0323,13:52",29870,0.0535,1.11,4.59,24.2,8,0.31,0.6,15.0,
"0323,13:52",29880,0.0555,1.19,4.59,25.9,8,0.31,0.81,15.0,
"0323,13:52",29890,0.0488,1.08,4.59,23.5,8,0.34,1.29,15.0,
"0323,13:52",29900,0.064,1.13,4.59,24.7,8,0.37,1.03,15.0,
"0323,13:52",29910,0.0552,1.26,4.59,27.5,8,0.31,0.65,15.0,
"0323,13:52",29920,0.053,1.2,4.59,26.1,8,0.37,1.22,15.0,
"0323,13:52",29930,0.0528,0.72,4.59,15.8,8,0.28,0.86,15.0,
"0323,13:52",29940,0.0478,1.08,4.59,23.5,8,0.37,1.23,15.0,
"0323,13:52",29950,0.0566,0.98,4.59,21.4,8,0.31,1.03,15.0,
"0323,13:52",29960,0.053,1.22,4.59,26.5,8,0.33,1.22,15.0,
"0323,13:52",29970,0.0491,0.64,4.59,13.8,8,0.32,1.21,15.0,
"0323,13:52",29980,0.0531,1.14,4.59,25.0,8,0.34,1.27,15.0,
"0323,13:52",29990,0.0707,1.13,4.59,24.7,8,0.38,1.12,15.0,
"0323,13:52",30000,0.052,1.21,4.59,26.4,8,0.36,1.28,15.0,
